idx,pred_cat
13,cakes_cupcakes_snack_cakes
15,chips_pretzels_snacks
16,cookies_biscuits
23,chips_pretzels_snacks
40,chips_pretzels_snacks
50,cookies_biscuits
59,cookies_biscuits
88,chocolate
93,chips_pretzels_snacks
94,chips_pretzels_snacks
104,cookies_biscuits
107,chips_pretzels_snacks
144,popcorn_peanuts_seeds_related_snacks
149,chips_pretzels_snacks
169,cookies_biscuits
178,cookies_biscuits
186,chips_pretzels_snacks
216,popcorn_peanuts_seeds_related_snacks
218,chips_pretzels_snacks
220,popcorn_peanuts_seeds_related_snacks
237,candy
250,candy
258,chocolate
264,chocolate
267,popcorn_peanuts_seeds_related_snacks
285,cookies_biscuits
289,cookies_biscuits
296,chips_pretzels_snacks
299,candy
307,popcorn_peanuts_seeds_related_snacks
313,chips_pretzels_snacks
321,chips_pretzels_snacks
330,cookies_biscuits
331,candy
342,popcorn_peanuts_seeds_related_snacks
349,popcorn_peanuts_seeds_related_snacks
365,candy
369,candy
380,candy
385,chocolate
394,chips_pretzels_snacks
395,cookies_biscuits
409,cakes_cupcakes_snack_cakes
410,popcorn_peanuts_seeds_related_snacks
421,chocolate
437,cookies_biscuits
439,popcorn_peanuts_seeds_related_snacks
448,chips_pretzels_snacks
449,chips_pretzels_snacks
453,cookies_biscuits
457,popcorn_peanuts_seeds_related_snacks
476,cookies_biscuits
496,popcorn_peanuts_seeds_related_snacks
497,candy
506,cakes_cupcakes_snack_cakes
510,cakes_cupcakes_snack_cakes
519,cookies_biscuits
521,cookies_biscuits
536,cookies_biscuits
538,candy
562,candy
568,chocolate
573,chocolate
597,cakes_cupcakes_snack_cakes
619,cookies_biscuits
630,popcorn_peanuts_seeds_related_snacks
649,cookies_biscuits
684,popcorn_peanuts_seeds_related_snacks
693,popcorn_peanuts_seeds_related_snacks
708,cakes_cupcakes_snack_cakes
716,popcorn_peanuts_seeds_related_snacks
724,popcorn_peanuts_seeds_related_snacks
743,chips_pretzels_snacks
746,candy
747,chips_pretzels_snacks
759,chips_pretzels_snacks
761,cakes_cupcakes_snack_cakes
791,chips_pretzels_snacks
794,popcorn_peanuts_seeds_related_snacks
815,popcorn_peanuts_seeds_related_snacks
837,chocolate
841,chocolate
858,cakes_cupcakes_snack_cakes
863,cookies_biscuits
866,cakes_cupcakes_snack_cakes
872,cookies_biscuits
876,cakes_cupcakes_snack_cakes
877,cookies_biscuits
880,cookies_biscuits
890,cookies_biscuits
898,chips_pretzels_snacks
900,popcorn_peanuts_seeds_related_snacks
903,popcorn_peanuts_seeds_related_snacks
908,chips_pretzels_snacks
917,popcorn_peanuts_seeds_related_snacks
930,popcorn_peanuts_seeds_related_snacks
931,chips_pretzels_snacks
939,chips_pretzels_snacks
955,chips_pretzels_snacks
976,popcorn_peanuts_seeds_related_snacks
980,chips_pretzels_snacks
994,popcorn_peanuts_seeds_related_snacks
1035,popcorn_peanuts_seeds_related_snacks
1038,cookies_biscuits
1070,chips_pretzels_snacks
1074,cookies_biscuits
1102,chocolate
1106,chocolate
1117,candy
1141,chips_pretzels_snacks
1143,chips_pretzels_snacks
1154,popcorn_peanuts_seeds_related_snacks
1168,popcorn_peanuts_seeds_related_snacks
1188,candy
1203,popcorn_peanuts_seeds_related_snacks
1220,chips_pretzels_snacks
1223,cookies_biscuits
1224,cookies_biscuits
1227,chips_pretzels_snacks
1230,chips_pretzels_snacks
1232,popcorn_peanuts_seeds_related_snacks
1234,popcorn_peanuts_seeds_related_snacks
1249,popcorn_peanuts_seeds_related_snacks
1250,popcorn_peanuts_seeds_related_snacks
1262,popcorn_peanuts_seeds_related_snacks
1266,cookies_biscuits
1289,chips_pretzels_snacks
1290,chips_pretzels_snacks
1292,chips_pretzels_snacks
1315,popcorn_peanuts_seeds_related_snacks
1319,popcorn_peanuts_seeds_related_snacks
1328,chocolate
1335,chocolate
1337,chocolate
1367,chips_pretzels_snacks
1369,cakes_cupcakes_snack_cakes
1373,cakes_cupcakes_snack_cakes
1376,cakes_cupcakes_snack_cakes
1378,cakes_cupcakes_snack_cakes
1395,cookies_biscuits
1400,cookies_biscuits
1403,cookies_biscuits
1412,popcorn_peanuts_seeds_related_snacks
1417,popcorn_peanuts_seeds_related_snacks
1420,popcorn_peanuts_seeds_related_snacks
1423,popcorn_peanuts_seeds_related_snacks
1425,popcorn_peanuts_seeds_related_snacks
1439,cookies_biscuits
1466,chips_pretzels_snacks
1468,cookies_biscuits
1469,cookies_biscuits
1477,cookies_biscuits
1482,chocolate
1499,popcorn_peanuts_seeds_related_snacks
1507,chocolate
1511,popcorn_peanuts_seeds_related_snacks
1513,popcorn_peanuts_seeds_related_snacks
1516,popcorn_peanuts_seeds_related_snacks
1518,popcorn_peanuts_seeds_related_snacks
1531,cookies_biscuits
1544,candy
1559,popcorn_peanuts_seeds_related_snacks
1562,popcorn_peanuts_seeds_related_snacks
1600,cookies_biscuits
1614,popcorn_peanuts_seeds_related_snacks
1623,chocolate
1644,chips_pretzels_snacks
1646,chips_pretzels_snacks
1649,chips_pretzels_snacks
1662,chocolate
1667,candy
1696,chocolate
1697,popcorn_peanuts_seeds_related_snacks
1711,cakes_cupcakes_snack_cakes
1712,cakes_cupcakes_snack_cakes
1713,chips_pretzels_snacks
1719,chips_pretzels_snacks
1746,candy
1757,popcorn_peanuts_seeds_related_snacks
1775,popcorn_peanuts_seeds_related_snacks
1796,chips_pretzels_snacks
1802,candy
1829,popcorn_peanuts_seeds_related_snacks
1849,popcorn_peanuts_seeds_related_snacks
1853,popcorn_peanuts_seeds_related_snacks
1863,popcorn_peanuts_seeds_related_snacks
1864,popcorn_peanuts_seeds_related_snacks
1874,cakes_cupcakes_snack_cakes
1875,cookies_biscuits
1876,cookies_biscuits
1878,cookies_biscuits
1879,cookies_biscuits
1881,cakes_cupcakes_snack_cakes
1886,cakes_cupcakes_snack_cakes
1900,popcorn_peanuts_seeds_related_snacks
1917,popcorn_peanuts_seeds_related_snacks
1928,cookies_biscuits
1939,cookies_biscuits
1942,popcorn_peanuts_seeds_related_snacks
1960,cookies_biscuits
1971,cookies_biscuits
1972,cookies_biscuits
1975,chips_pretzels_snacks
1977,chips_pretzels_snacks
2008,popcorn_peanuts_seeds_related_snacks
2020,candy
2031,candy
2062,chips_pretzels_snacks
2065,chips_pretzels_snacks
2073,chips_pretzels_snacks
2100,popcorn_peanuts_seeds_related_snacks
2101,cookies_biscuits
2104,cookies_biscuits
2118,candy
2138,candy
2141,candy
2154,popcorn_peanuts_seeds_related_snacks
2165,chocolate
2201,popcorn_peanuts_seeds_related_snacks
2222,popcorn_peanuts_seeds_related_snacks
2229,cakes_cupcakes_snack_cakes
2237,candy
2248,chocolate
2250,chocolate
2252,chocolate
2275,candy
2282,chocolate
2288,chocolate
2297,cookies_biscuits
2304,popcorn_peanuts_seeds_related_snacks
2323,cakes_cupcakes_snack_cakes
2336,chips_pretzels_snacks
2340,chips_pretzels_snacks
2342,chips_pretzels_snacks
2351,cakes_cupcakes_snack_cakes
2368,cakes_cupcakes_snack_cakes
2406,popcorn_peanuts_seeds_related_snacks
2419,chips_pretzels_snacks
2422,chips_pretzels_snacks
2431,popcorn_peanuts_seeds_related_snacks
2436,popcorn_peanuts_seeds_related_snacks
2437,popcorn_peanuts_seeds_related_snacks
2438,popcorn_peanuts_seeds_related_snacks
2452,cookies_biscuits
2455,popcorn_peanuts_seeds_related_snacks
2475,candy
2495,popcorn_peanuts_seeds_related_snacks
2511,cookies_biscuits
2527,cookies_biscuits
2534,chips_pretzels_snacks
2535,chips_pretzels_snacks
2542,popcorn_peanuts_seeds_related_snacks
2544,chips_pretzels_snacks
2548,chips_pretzels_snacks
2562,popcorn_peanuts_seeds_related_snacks
2581,cakes_cupcakes_snack_cakes
2585,cookies_biscuits
2598,popcorn_peanuts_seeds_related_snacks
2617,chips_pretzels_snacks
2627,cookies_biscuits
2637,chips_pretzels_snacks
2645,chips_pretzels_snacks
2674,chips_pretzels_snacks
2677,cakes_cupcakes_snack_cakes
2685,cakes_cupcakes_snack_cakes
2691,popcorn_peanuts_seeds_related_snacks
2710,popcorn_peanuts_seeds_related_snacks
2722,chips_pretzels_snacks
2727,chips_pretzels_snacks
2728,chips_pretzels_snacks
2731,chips_pretzels_snacks
2732,chips_pretzels_snacks
2733,chips_pretzels_snacks
2747,chips_pretzels_snacks
2753,chips_pretzels_snacks
2758,chips_pretzels_snacks
2766,popcorn_peanuts_seeds_related_snacks
2790,chips_pretzels_snacks
2801,candy
2825,candy
2845,chocolate
2862,cakes_cupcakes_snack_cakes
2883,popcorn_peanuts_seeds_related_snacks
2884,popcorn_peanuts_seeds_related_snacks
2885,popcorn_peanuts_seeds_related_snacks
2887,popcorn_peanuts_seeds_related_snacks
2890,popcorn_peanuts_seeds_related_snacks
2909,chips_pretzels_snacks
2916,chips_pretzels_snacks
2918,cookies_biscuits
2931,chips_pretzels_snacks
2934,candy
2952,cookies_biscuits
2973,popcorn_peanuts_seeds_related_snacks
2981,cookies_biscuits
2986,candy
2994,candy
2999,candy
3006,candy
3013,cookies_biscuits
3014,popcorn_peanuts_seeds_related_snacks
3019,chips_pretzels_snacks
3021,cakes_cupcakes_snack_cakes
3032,cookies_biscuits
3036,chocolate
3064,cookies_biscuits
3071,popcorn_peanuts_seeds_related_snacks
3078,popcorn_peanuts_seeds_related_snacks
3096,cakes_cupcakes_snack_cakes
3098,cakes_cupcakes_snack_cakes
3109,popcorn_peanuts_seeds_related_snacks
3110,chips_pretzels_snacks
3125,popcorn_peanuts_seeds_related_snacks
3144,popcorn_peanuts_seeds_related_snacks
3155,cakes_cupcakes_snack_cakes
3159,cookies_biscuits
3170,cookies_biscuits
3172,cookies_biscuits
3178,cookies_biscuits
3185,cookies_biscuits
3187,chips_pretzels_snacks
3188,chips_pretzels_snacks
3190,chips_pretzels_snacks
3195,chocolate
3200,candy
3211,chocolate
3223,popcorn_peanuts_seeds_related_snacks
3238,candy
3242,chips_pretzels_snacks
3270,cookies_biscuits
3292,candy
3293,cookies_biscuits
3295,cookies_biscuits
3315,popcorn_peanuts_seeds_related_snacks
3316,popcorn_peanuts_seeds_related_snacks
3328,candy
3336,cookies_biscuits
3367,candy
3376,popcorn_peanuts_seeds_related_snacks
3383,cookies_biscuits
3392,cookies_biscuits
3400,popcorn_peanuts_seeds_related_snacks
3407,candy
3419,candy
3430,cakes_cupcakes_snack_cakes
3443,popcorn_peanuts_seeds_related_snacks
3460,popcorn_peanuts_seeds_related_snacks
3461,popcorn_peanuts_seeds_related_snacks
3463,popcorn_peanuts_seeds_related_snacks
3464,popcorn_peanuts_seeds_related_snacks
3472,popcorn_peanuts_seeds_related_snacks
3487,popcorn_peanuts_seeds_related_snacks
3494,popcorn_peanuts_seeds_related_snacks
3510,popcorn_peanuts_seeds_related_snacks
3512,chocolate
3515,popcorn_peanuts_seeds_related_snacks
3519,popcorn_peanuts_seeds_related_snacks
3535,chips_pretzels_snacks
3536,popcorn_peanuts_seeds_related_snacks
3547,chips_pretzels_snacks
3555,popcorn_peanuts_seeds_related_snacks
3572,popcorn_peanuts_seeds_related_snacks
3579,chips_pretzels_snacks
3580,chips_pretzels_snacks
3587,popcorn_peanuts_seeds_related_snacks
3604,popcorn_peanuts_seeds_related_snacks
3606,candy
3624,popcorn_peanuts_seeds_related_snacks
3627,popcorn_peanuts_seeds_related_snacks
3634,chocolate
3637,chocolate
3646,chocolate
3656,cookies_biscuits
3657,cookies_biscuits
3661,chocolate
3667,chocolate
3672,cakes_cupcakes_snack_cakes
3683,popcorn_peanuts_seeds_related_snacks
3684,popcorn_peanuts_seeds_related_snacks
3687,popcorn_peanuts_seeds_related_snacks
3695,chips_pretzels_snacks
3708,chocolate
3719,candy
3722,popcorn_peanuts_seeds_related_snacks
3731,cakes_cupcakes_snack_cakes
3741,popcorn_peanuts_seeds_related_snacks
3745,cakes_cupcakes_snack_cakes
3751,cakes_cupcakes_snack_cakes
3771,popcorn_peanuts_seeds_related_snacks
3777,cookies_biscuits
3781,popcorn_peanuts_seeds_related_snacks
3832,cookies_biscuits
3838,chocolate
3851,popcorn_peanuts_seeds_related_snacks
3862,chocolate
3863,chocolate
3873,candy
3884,chocolate
3887,chocolate
3889,cookies_biscuits
3891,cookies_biscuits
3896,chocolate
3899,chocolate
3912,chocolate
3920,candy
3938,popcorn_peanuts_seeds_related_snacks
3941,cookies_biscuits
3948,candy
3954,popcorn_peanuts_seeds_related_snacks
3976,popcorn_peanuts_seeds_related_snacks
3977,cookies_biscuits
3986,chocolate
3987,chips_pretzels_snacks
3991,cakes_cupcakes_snack_cakes
3992,cakes_cupcakes_snack_cakes
4005,cookies_biscuits
4006,cookies_biscuits
4013,cookies_biscuits
4018,cookies_biscuits
4036,chocolate
4039,popcorn_peanuts_seeds_related_snacks
4040,chips_pretzels_snacks
4087,popcorn_peanuts_seeds_related_snacks
4103,popcorn_peanuts_seeds_related_snacks
4110,candy
4113,chocolate
4125,candy
4141,candy
4147,candy
4188,cookies_biscuits
4189,chips_pretzels_snacks
4196,chocolate
4207,popcorn_peanuts_seeds_related_snacks
4215,candy
4246,popcorn_peanuts_seeds_related_snacks
4248,cookies_biscuits
4258,cookies_biscuits
4266,popcorn_peanuts_seeds_related_snacks
4269,popcorn_peanuts_seeds_related_snacks
4282,candy
4292,cookies_biscuits
4296,candy
4300,popcorn_peanuts_seeds_related_snacks
4310,popcorn_peanuts_seeds_related_snacks
4318,chips_pretzels_snacks
4323,chips_pretzels_snacks
4331,chips_pretzels_snacks
4341,chips_pretzels_snacks
4346,chocolate
4348,chocolate
4354,chocolate
4360,popcorn_peanuts_seeds_related_snacks
4362,chips_pretzels_snacks
4364,popcorn_peanuts_seeds_related_snacks
4377,popcorn_peanuts_seeds_related_snacks
4384,popcorn_peanuts_seeds_related_snacks
4385,popcorn_peanuts_seeds_related_snacks
4387,chocolate
4390,candy
4395,chocolate
4408,candy
4418,candy
4431,cakes_cupcakes_snack_cakes
4444,chocolate
4449,candy
4453,candy
4456,cookies_biscuits
4461,chocolate
4481,candy
4497,chocolate
4500,chocolate
4502,candy
4504,popcorn_peanuts_seeds_related_snacks
4532,chocolate
4539,candy
4564,candy
4569,popcorn_peanuts_seeds_related_snacks
4574,candy
4584,popcorn_peanuts_seeds_related_snacks
4588,popcorn_peanuts_seeds_related_snacks
4593,candy
4617,cakes_cupcakes_snack_cakes
4620,cakes_cupcakes_snack_cakes
4623,cookies_biscuits
4651,candy
4655,candy
4658,popcorn_peanuts_seeds_related_snacks
4660,chips_pretzels_snacks
4673,candy
4676,chips_pretzels_snacks
4684,popcorn_peanuts_seeds_related_snacks
4710,popcorn_peanuts_seeds_related_snacks
4724,popcorn_peanuts_seeds_related_snacks
4730,chocolate
4736,popcorn_peanuts_seeds_related_snacks
4753,popcorn_peanuts_seeds_related_snacks
4757,popcorn_peanuts_seeds_related_snacks
4761,cakes_cupcakes_snack_cakes
4764,candy
4765,popcorn_peanuts_seeds_related_snacks
4770,candy
4799,cookies_biscuits
4830,popcorn_peanuts_seeds_related_snacks
4842,chocolate
4843,chocolate
4853,chips_pretzels_snacks
4858,chocolate
4866,cookies_biscuits
4868,candy
4878,chocolate
4885,chocolate
4889,chips_pretzels_snacks
4891,chocolate
4911,chocolate
4917,chocolate
4955,popcorn_peanuts_seeds_related_snacks
4973,chocolate
4981,popcorn_peanuts_seeds_related_snacks
4985,popcorn_peanuts_seeds_related_snacks
4988,chocolate
4990,chocolate
4993,chocolate
5002,cookies_biscuits
5004,chocolate
5026,candy
5030,popcorn_peanuts_seeds_related_snacks
5034,popcorn_peanuts_seeds_related_snacks
5055,cookies_biscuits
5069,chocolate
5092,cakes_cupcakes_snack_cakes
5107,cookies_biscuits
5109,cookies_biscuits
5116,cakes_cupcakes_snack_cakes
5117,cookies_biscuits
5124,cakes_cupcakes_snack_cakes
5129,popcorn_peanuts_seeds_related_snacks
5150,chips_pretzels_snacks
5158,chocolate
5188,cakes_cupcakes_snack_cakes
5192,cakes_cupcakes_snack_cakes
5199,popcorn_peanuts_seeds_related_snacks
5206,chips_pretzels_snacks
5231,popcorn_peanuts_seeds_related_snacks
5237,popcorn_peanuts_seeds_related_snacks
5238,chocolate
5242,chips_pretzels_snacks
5245,chips_pretzels_snacks
5257,chips_pretzels_snacks
5265,chocolate
5285,popcorn_peanuts_seeds_related_snacks
5289,popcorn_peanuts_seeds_related_snacks
5294,cookies_biscuits
5302,cookies_biscuits
5304,cookies_biscuits
5317,chips_pretzels_snacks
5347,candy
5354,cookies_biscuits
5358,popcorn_peanuts_seeds_related_snacks
5363,chocolate
5373,chocolate
5375,candy
5381,cookies_biscuits
5388,candy
5394,candy
5402,popcorn_peanuts_seeds_related_snacks
5410,cakes_cupcakes_snack_cakes
5417,chips_pretzels_snacks
5443,chips_pretzels_snacks
5448,chips_pretzels_snacks
5465,chocolate
5469,candy
5483,candy
5484,candy
5486,candy
5489,chocolate
5493,chocolate
5507,popcorn_peanuts_seeds_related_snacks
5508,popcorn_peanuts_seeds_related_snacks
5514,candy
5522,cakes_cupcakes_snack_cakes
5529,popcorn_peanuts_seeds_related_snacks
5531,popcorn_peanuts_seeds_related_snacks
5574,candy
5584,candy
5591,popcorn_peanuts_seeds_related_snacks
5592,chips_pretzels_snacks
5609,chips_pretzels_snacks
5611,chips_pretzels_snacks
5625,candy
5670,cookies_biscuits
5677,candy
5689,cakes_cupcakes_snack_cakes
5692,candy
5699,candy
5706,cookies_biscuits
5737,chips_pretzels_snacks
5744,chips_pretzels_snacks
5755,chips_pretzels_snacks
5760,cookies_biscuits
5774,cakes_cupcakes_snack_cakes
5778,candy
5785,chocolate
5788,cakes_cupcakes_snack_cakes
5791,cakes_cupcakes_snack_cakes
5796,cookies_biscuits
5811,cakes_cupcakes_snack_cakes
5812,popcorn_peanuts_seeds_related_snacks
5833,cookies_biscuits
5834,candy
5847,chocolate
5851,cookies_biscuits
5895,chips_pretzels_snacks
5902,chips_pretzels_snacks
5903,chips_pretzels_snacks
5914,candy
5931,popcorn_peanuts_seeds_related_snacks
5937,candy
5969,candy
5970,cookies_biscuits
5973,candy
5978,candy
5997,chocolate
5998,cakes_cupcakes_snack_cakes
5999,cakes_cupcakes_snack_cakes
6007,popcorn_peanuts_seeds_related_snacks
6012,candy
6017,chips_pretzels_snacks
6018,cookies_biscuits
6034,candy
6054,popcorn_peanuts_seeds_related_snacks
6061,chocolate
6068,chocolate
6072,popcorn_peanuts_seeds_related_snacks
6092,candy
6099,popcorn_peanuts_seeds_related_snacks
6102,popcorn_peanuts_seeds_related_snacks
6103,popcorn_peanuts_seeds_related_snacks
6112,popcorn_peanuts_seeds_related_snacks
6121,candy
6146,chips_pretzels_snacks
6152,popcorn_peanuts_seeds_related_snacks
6158,candy
6160,candy
6167,cookies_biscuits
6183,cookies_biscuits
6206,popcorn_peanuts_seeds_related_snacks
6216,popcorn_peanuts_seeds_related_snacks
6220,popcorn_peanuts_seeds_related_snacks
6226,candy
6231,popcorn_peanuts_seeds_related_snacks
6233,popcorn_peanuts_seeds_related_snacks
6243,candy
6244,chips_pretzels_snacks
6248,candy
6257,candy
6258,candy
6260,popcorn_peanuts_seeds_related_snacks
6276,cookies_biscuits
6284,candy
6285,candy
6321,candy
6346,popcorn_peanuts_seeds_related_snacks
6347,chocolate
6351,popcorn_peanuts_seeds_related_snacks
6353,chips_pretzels_snacks
6360,popcorn_peanuts_seeds_related_snacks
6378,popcorn_peanuts_seeds_related_snacks
6402,popcorn_peanuts_seeds_related_snacks
6422,candy
6439,chips_pretzels_snacks
6440,chips_pretzels_snacks
6444,cookies_biscuits
6454,popcorn_peanuts_seeds_related_snacks
6480,candy
6497,candy
6500,candy
6515,candy
6518,candy
6538,candy
6542,candy
6545,candy
6554,popcorn_peanuts_seeds_related_snacks
6567,cookies_biscuits
6570,chocolate
6582,chips_pretzels_snacks
6592,popcorn_peanuts_seeds_related_snacks
6594,chocolate
6595,candy
6602,chips_pretzels_snacks
6603,popcorn_peanuts_seeds_related_snacks
6613,chocolate
6619,chips_pretzels_snacks
6630,cookies_biscuits
6648,candy
6677,candy
6685,chocolate
6723,chocolate
6727,candy
6741,popcorn_peanuts_seeds_related_snacks
6750,cookies_biscuits
6751,chips_pretzels_snacks
6798,popcorn_peanuts_seeds_related_snacks
6805,candy
6846,popcorn_peanuts_seeds_related_snacks
6848,chocolate
6856,candy
6857,candy
6867,popcorn_peanuts_seeds_related_snacks
6868,chips_pretzels_snacks
6870,chips_pretzels_snacks
6884,chips_pretzels_snacks
6885,candy
6896,chips_pretzels_snacks
6931,cookies_biscuits
6948,candy
6955,chips_pretzels_snacks
6956,chips_pretzels_snacks
6969,chocolate
6972,chocolate
6987,chocolate
6994,popcorn_peanuts_seeds_related_snacks
7019,candy
7037,candy
7048,chocolate
7049,popcorn_peanuts_seeds_related_snacks
7066,popcorn_peanuts_seeds_related_snacks
7068,chocolate
7073,cookies_biscuits
7080,candy
7083,candy
7104,chocolate
7110,popcorn_peanuts_seeds_related_snacks
7115,popcorn_peanuts_seeds_related_snacks
7121,candy
7146,chips_pretzels_snacks
7147,chips_pretzels_snacks
7168,candy
7174,popcorn_peanuts_seeds_related_snacks
7186,candy
7204,chips_pretzels_snacks
7210,chips_pretzels_snacks
7215,popcorn_peanuts_seeds_related_snacks
7227,popcorn_peanuts_seeds_related_snacks
7233,cookies_biscuits
7236,chocolate
7239,chips_pretzels_snacks
7249,chocolate
7254,chocolate
7272,chips_pretzels_snacks
7282,chips_pretzels_snacks
7283,popcorn_peanuts_seeds_related_snacks
7286,chips_pretzels_snacks
7289,popcorn_peanuts_seeds_related_snacks
7305,cookies_biscuits
7308,candy
7310,cookies_biscuits
7336,candy
7337,candy
7354,popcorn_peanuts_seeds_related_snacks
7358,cookies_biscuits
7369,cookies_biscuits
7389,cookies_biscuits
7394,candy
7396,popcorn_peanuts_seeds_related_snacks
7399,candy
7444,cookies_biscuits
7458,popcorn_peanuts_seeds_related_snacks
7459,chips_pretzels_snacks
7463,chocolate
7480,chips_pretzels_snacks
7499,popcorn_peanuts_seeds_related_snacks
7511,chips_pretzels_snacks
7512,popcorn_peanuts_seeds_related_snacks
7526,chocolate
7546,candy
7550,candy
7554,candy
7557,cookies_biscuits
7563,chips_pretzels_snacks
7596,candy
7608,cookies_biscuits
7618,popcorn_peanuts_seeds_related_snacks
7658,chocolate
7672,popcorn_peanuts_seeds_related_snacks
7678,popcorn_peanuts_seeds_related_snacks
7683,chocolate
7690,candy
7696,popcorn_peanuts_seeds_related_snacks
7725,cookies_biscuits
7732,cookies_biscuits
7760,candy
7769,popcorn_peanuts_seeds_related_snacks
7792,chocolate
7797,chocolate
7806,cookies_biscuits
7812,candy
7826,chips_pretzels_snacks
7827,chips_pretzels_snacks
7830,cookies_biscuits
7834,popcorn_peanuts_seeds_related_snacks
7836,candy
7840,popcorn_peanuts_seeds_related_snacks
7844,popcorn_peanuts_seeds_related_snacks
7851,popcorn_peanuts_seeds_related_snacks
7853,popcorn_peanuts_seeds_related_snacks
7874,popcorn_peanuts_seeds_related_snacks
7887,candy
7889,chocolate
7892,cookies_biscuits
7893,chips_pretzels_snacks
7910,chips_pretzels_snacks
7917,chips_pretzels_snacks
7920,chips_pretzels_snacks
7933,cookies_biscuits
7943,popcorn_peanuts_seeds_related_snacks
7950,chocolate
7958,popcorn_peanuts_seeds_related_snacks
7972,candy
7975,cakes_cupcakes_snack_cakes
7999,candy
8012,candy
8031,candy
8053,chocolate
8064,candy
8085,candy
8096,popcorn_peanuts_seeds_related_snacks
8100,candy
8105,cookies_biscuits
8113,popcorn_peanuts_seeds_related_snacks
8117,candy
8131,chips_pretzels_snacks
8132,candy
8134,chips_pretzels_snacks
8142,candy
8152,chips_pretzels_snacks
8158,chocolate
8164,cookies_biscuits
8177,candy
8185,candy
8198,chips_pretzels_snacks
8214,popcorn_peanuts_seeds_related_snacks
8225,chocolate
8227,popcorn_peanuts_seeds_related_snacks
8250,popcorn_peanuts_seeds_related_snacks
8259,popcorn_peanuts_seeds_related_snacks
8274,candy
8277,popcorn_peanuts_seeds_related_snacks
8278,popcorn_peanuts_seeds_related_snacks
8279,popcorn_peanuts_seeds_related_snacks
8282,popcorn_peanuts_seeds_related_snacks
8283,popcorn_peanuts_seeds_related_snacks
8290,chocolate
8291,candy
8313,chips_pretzels_snacks
8314,cookies_biscuits
8327,cookies_biscuits
8351,chocolate
8353,candy
8358,candy
8401,candy
8409,popcorn_peanuts_seeds_related_snacks
8412,popcorn_peanuts_seeds_related_snacks
8436,cookies_biscuits
8443,chocolate
8470,candy
8473,candy
8482,candy
8485,candy
8499,candy
8514,popcorn_peanuts_seeds_related_snacks
8516,chips_pretzels_snacks
8523,chips_pretzels_snacks
8539,chips_pretzels_snacks
8544,popcorn_peanuts_seeds_related_snacks
8549,candy
8553,cookies_biscuits
8563,chocolate
8571,popcorn_peanuts_seeds_related_snacks
8576,candy
8581,chocolate
8603,cookies_biscuits
8620,cookies_biscuits
8630,candy
8631,candy
8637,chips_pretzels_snacks
8643,cookies_biscuits
8646,cookies_biscuits
8654,chips_pretzels_snacks
8679,candy
8690,chocolate
8713,cookies_biscuits
8715,candy
8720,chocolate
8722,popcorn_peanuts_seeds_related_snacks
8727,chocolate
8745,cookies_biscuits
8756,popcorn_peanuts_seeds_related_snacks
8761,chips_pretzels_snacks
8787,cookies_biscuits
8790,cookies_biscuits
8802,chocolate
8812,candy
8850,popcorn_peanuts_seeds_related_snacks
8860,popcorn_peanuts_seeds_related_snacks
8872,chips_pretzels_snacks
8885,cookies_biscuits
8897,popcorn_peanuts_seeds_related_snacks
8900,candy
8926,popcorn_peanuts_seeds_related_snacks
8930,cookies_biscuits
8939,popcorn_peanuts_seeds_related_snacks
8940,popcorn_peanuts_seeds_related_snacks
8952,cookies_biscuits
8968,cookies_biscuits
8980,chips_pretzels_snacks
9000,popcorn_peanuts_seeds_related_snacks
9001,candy
9002,candy
9012,cookies_biscuits
9023,cookies_biscuits
9025,popcorn_peanuts_seeds_related_snacks
9031,candy
9033,cookies_biscuits
9040,cookies_biscuits
9043,cookies_biscuits
9050,chocolate
9067,candy
9068,candy
9075,chips_pretzels_snacks
9092,popcorn_peanuts_seeds_related_snacks
9098,popcorn_peanuts_seeds_related_snacks
9130,candy
9132,chocolate
9158,popcorn_peanuts_seeds_related_snacks
9176,candy
9181,cookies_biscuits
9182,cookies_biscuits
9198,chocolate
9211,cookies_biscuits
9214,candy
9216,chocolate
9219,chips_pretzels_snacks
9239,cookies_biscuits
9243,candy
9269,chocolate
9271,cookies_biscuits
9286,candy
9343,candy
9347,cookies_biscuits
9368,popcorn_peanuts_seeds_related_snacks
9370,chocolate
9373,chips_pretzels_snacks
9378,cookies_biscuits
9385,chocolate
9396,cookies_biscuits
9428,chocolate
9451,candy
9471,cookies_biscuits
9475,candy
9476,candy
9485,chocolate
9496,chocolate
9502,cookies_biscuits
9505,cookies_biscuits
9512,cookies_biscuits
9521,candy
9542,popcorn_peanuts_seeds_related_snacks
9548,popcorn_peanuts_seeds_related_snacks
9553,chips_pretzels_snacks
9556,popcorn_peanuts_seeds_related_snacks
9576,popcorn_peanuts_seeds_related_snacks
9619,popcorn_peanuts_seeds_related_snacks
9623,chocolate
9628,candy
9629,candy
9632,chocolate
9639,cookies_biscuits
9645,chocolate
9659,popcorn_peanuts_seeds_related_snacks
9660,popcorn_peanuts_seeds_related_snacks
9674,popcorn_peanuts_seeds_related_snacks
9698,cookies_biscuits
9699,cookies_biscuits
9710,chips_pretzels_snacks
9711,chips_pretzels_snacks
9714,chips_pretzels_snacks
9734,popcorn_peanuts_seeds_related_snacks
9750,popcorn_peanuts_seeds_related_snacks
9776,popcorn_peanuts_seeds_related_snacks
9778,cookies_biscuits
9779,popcorn_peanuts_seeds_related_snacks
9780,popcorn_peanuts_seeds_related_snacks
9781,popcorn_peanuts_seeds_related_snacks
9796,cookies_biscuits
9808,candy
9812,chocolate
9813,popcorn_peanuts_seeds_related_snacks
9816,popcorn_peanuts_seeds_related_snacks
9832,cookies_biscuits
9859,chips_pretzels_snacks
9868,candy
9870,candy
9873,popcorn_peanuts_seeds_related_snacks
9903,chips_pretzels_snacks
9906,popcorn_peanuts_seeds_related_snacks
9918,cookies_biscuits
9929,chocolate
9946,candy
9967,popcorn_peanuts_seeds_related_snacks
9974,chips_pretzels_snacks
9977,popcorn_peanuts_seeds_related_snacks
9986,cookies_biscuits
9992,chocolate
10023,chips_pretzels_snacks
10026,popcorn_peanuts_seeds_related_snacks
10035,chocolate
10036,candy
10052,popcorn_peanuts_seeds_related_snacks
10079,popcorn_peanuts_seeds_related_snacks
10092,candy
10096,candy
10102,cookies_biscuits
10105,candy
10109,cookies_biscuits
10114,candy
10118,chips_pretzels_snacks
10126,chocolate
10127,chocolate
10158,popcorn_peanuts_seeds_related_snacks
10190,candy
10204,candy
10218,chips_pretzels_snacks
10223,cookies_biscuits
10228,popcorn_peanuts_seeds_related_snacks
10256,chips_pretzels_snacks
10275,cookies_biscuits
10279,candy
10281,candy
10309,popcorn_peanuts_seeds_related_snacks
10313,chips_pretzels_snacks
10322,chips_pretzels_snacks
10329,candy
10330,candy
10332,candy
10334,cookies_biscuits
10353,popcorn_peanuts_seeds_related_snacks
10358,chocolate
10370,candy
10407,cookies_biscuits
10416,cookies_biscuits
10423,cookies_biscuits
10441,popcorn_peanuts_seeds_related_snacks
10479,candy
10501,popcorn_peanuts_seeds_related_snacks
10505,popcorn_peanuts_seeds_related_snacks
10521,chocolate
10522,popcorn_peanuts_seeds_related_snacks
10530,cookies_biscuits
10538,chips_pretzels_snacks
10543,cookies_biscuits
10546,popcorn_peanuts_seeds_related_snacks
10568,chocolate
10599,popcorn_peanuts_seeds_related_snacks
10620,chips_pretzels_snacks
10624,popcorn_peanuts_seeds_related_snacks
10629,chocolate
10637,popcorn_peanuts_seeds_related_snacks
10651,popcorn_peanuts_seeds_related_snacks
10656,chips_pretzels_snacks
10676,cookies_biscuits
10688,candy
10693,cookies_biscuits
10697,cookies_biscuits
10707,candy
10713,popcorn_peanuts_seeds_related_snacks
10714,candy
10722,popcorn_peanuts_seeds_related_snacks
10728,cookies_biscuits
10748,popcorn_peanuts_seeds_related_snacks
10750,chocolate
10781,chocolate
10786,chocolate
10799,cookies_biscuits
10816,popcorn_peanuts_seeds_related_snacks
10818,popcorn_peanuts_seeds_related_snacks
10819,cookies_biscuits
10824,popcorn_peanuts_seeds_related_snacks
10828,chocolate
10863,cookies_biscuits
10871,chocolate
10876,chocolate
10891,candy
10904,chocolate
10907,chocolate
10937,chips_pretzels_snacks
10982,cookies_biscuits
10989,chocolate
10992,candy
10994,chocolate
10995,popcorn_peanuts_seeds_related_snacks
11009,candy
11022,popcorn_peanuts_seeds_related_snacks
11052,chips_pretzels_snacks
11058,cookies_biscuits
11060,candy
11061,popcorn_peanuts_seeds_related_snacks
11062,chocolate
11100,cookies_biscuits
11110,candy
11121,chocolate
11165,popcorn_peanuts_seeds_related_snacks
11194,chocolate
11205,candy
11206,chips_pretzels_snacks
11218,cookies_biscuits
11220,cookies_biscuits
11243,candy
11254,cookies_biscuits
11265,candy
11266,candy
11288,candy
11315,chips_pretzels_snacks
11326,candy
11347,popcorn_peanuts_seeds_related_snacks
11354,cookies_biscuits
11358,cookies_biscuits
11369,popcorn_peanuts_seeds_related_snacks
11390,cookies_biscuits
11401,candy
11414,candy
11417,popcorn_peanuts_seeds_related_snacks
11421,candy
11431,chips_pretzels_snacks
11435,candy
11436,candy
11440,cookies_biscuits
11443,cookies_biscuits
11451,candy
11453,chips_pretzels_snacks
11467,chocolate
11473,candy
11478,candy
11493,candy
11497,candy
11514,candy
11518,popcorn_peanuts_seeds_related_snacks
11519,popcorn_peanuts_seeds_related_snacks
11542,chips_pretzels_snacks
11548,candy
11554,chips_pretzels_snacks
11562,cookies_biscuits
11582,candy
11588,candy
11600,popcorn_peanuts_seeds_related_snacks
11602,popcorn_peanuts_seeds_related_snacks
11607,candy
11619,popcorn_peanuts_seeds_related_snacks
11627,chocolate
11634,cookies_biscuits
11656,chips_pretzels_snacks
11658,chocolate
11661,popcorn_peanuts_seeds_related_snacks
11665,cookies_biscuits
11689,popcorn_peanuts_seeds_related_snacks
11692,candy
11704,cookies_biscuits
11712,popcorn_peanuts_seeds_related_snacks
11721,popcorn_peanuts_seeds_related_snacks
11730,cookies_biscuits
11738,popcorn_peanuts_seeds_related_snacks
11740,popcorn_peanuts_seeds_related_snacks
11743,popcorn_peanuts_seeds_related_snacks
11752,chips_pretzels_snacks
11767,popcorn_peanuts_seeds_related_snacks
11786,popcorn_peanuts_seeds_related_snacks
11796,candy
11800,candy
11813,popcorn_peanuts_seeds_related_snacks
11821,candy
11840,candy
11849,candy
11852,candy
11873,popcorn_peanuts_seeds_related_snacks
11887,candy
11910,candy
11919,chips_pretzels_snacks
11921,popcorn_peanuts_seeds_related_snacks
11951,chips_pretzels_snacks
11953,popcorn_peanuts_seeds_related_snacks
11955,cookies_biscuits
11984,popcorn_peanuts_seeds_related_snacks
12009,popcorn_peanuts_seeds_related_snacks
12022,candy
12027,cookies_biscuits
12051,candy
12062,chocolate
12066,chocolate
12073,candy
12075,candy
12097,cookies_biscuits
12116,popcorn_peanuts_seeds_related_snacks
12121,chocolate
12137,cookies_biscuits
12160,cookies_biscuits
12203,popcorn_peanuts_seeds_related_snacks
12219,popcorn_peanuts_seeds_related_snacks
12232,popcorn_peanuts_seeds_related_snacks
12245,chips_pretzels_snacks
12246,candy
12256,chips_pretzels_snacks
12290,popcorn_peanuts_seeds_related_snacks
12294,cookies_biscuits
12306,cookies_biscuits
12345,chocolate
12363,chocolate
12379,cookies_biscuits
12396,chips_pretzels_snacks
12404,candy
12432,popcorn_peanuts_seeds_related_snacks
12435,candy
12457,candy
12464,chips_pretzels_snacks
12465,candy
12466,chips_pretzels_snacks
12469,candy
12470,candy
12479,cookies_biscuits
12484,chocolate
12485,popcorn_peanuts_seeds_related_snacks
12508,popcorn_peanuts_seeds_related_snacks
12516,cookies_biscuits
12518,cookies_biscuits
12525,popcorn_peanuts_seeds_related_snacks
12536,popcorn_peanuts_seeds_related_snacks
12537,popcorn_peanuts_seeds_related_snacks
12539,cookies_biscuits
12540,popcorn_peanuts_seeds_related_snacks
12548,cookies_biscuits
12558,popcorn_peanuts_seeds_related_snacks
12565,cookies_biscuits
12570,chocolate
12579,popcorn_peanuts_seeds_related_snacks
12580,popcorn_peanuts_seeds_related_snacks
12582,candy
12585,popcorn_peanuts_seeds_related_snacks
12594,candy
12607,popcorn_peanuts_seeds_related_snacks
12614,candy
12618,popcorn_peanuts_seeds_related_snacks
12619,candy
12628,popcorn_peanuts_seeds_related_snacks
12633,popcorn_peanuts_seeds_related_snacks
12637,candy
12639,candy
12644,popcorn_peanuts_seeds_related_snacks
12646,popcorn_peanuts_seeds_related_snacks
12651,chips_pretzels_snacks
12661,chocolate
12698,cookies_biscuits
12699,chocolate
12706,chips_pretzels_snacks
12712,chips_pretzels_snacks
12728,cookies_biscuits
12736,chocolate
12738,chocolate
12743,candy
12753,popcorn_peanuts_seeds_related_snacks
12754,popcorn_peanuts_seeds_related_snacks
12759,cookies_biscuits
12775,candy
12782,chips_pretzels_snacks
12792,candy
12796,candy
12802,chocolate
12807,chocolate
12824,candy
12826,candy
12832,candy
12867,popcorn_peanuts_seeds_related_snacks
12868,popcorn_peanuts_seeds_related_snacks
12898,cookies_biscuits
12914,chocolate
12920,cookies_biscuits
12942,chocolate
12946,chips_pretzels_snacks
12951,cookies_biscuits
12953,candy
12968,cookies_biscuits
12975,candy
13009,chips_pretzels_snacks
13021,cookies_biscuits
13029,cookies_biscuits
13034,candy
13051,chocolate
13058,cookies_biscuits
13059,cookies_biscuits
13070,popcorn_peanuts_seeds_related_snacks
13080,chocolate
13098,candy
13134,candy
13145,candy
13153,candy
13175,popcorn_peanuts_seeds_related_snacks
13187,cookies_biscuits
13214,cookies_biscuits
13232,candy
13247,cookies_biscuits
13252,candy
13255,chocolate
13258,chips_pretzels_snacks
13265,chocolate
13294,chocolate
13300,cookies_biscuits
13305,cookies_biscuits
13308,candy
13321,cookies_biscuits
13323,cookies_biscuits
13326,popcorn_peanuts_seeds_related_snacks
13349,chocolate
13360,cookies_biscuits
13363,cookies_biscuits
13365,chocolate
13366,cookies_biscuits
13391,candy
13424,candy
13432,chips_pretzels_snacks
13434,chips_pretzels_snacks
13450,candy
13453,candy
13459,candy
13461,chocolate
13473,popcorn_peanuts_seeds_related_snacks
13489,cookies_biscuits
13494,popcorn_peanuts_seeds_related_snacks
13508,cookies_biscuits
13517,chocolate
13523,chocolate
13525,chocolate
13532,popcorn_peanuts_seeds_related_snacks
13543,popcorn_peanuts_seeds_related_snacks
13562,popcorn_peanuts_seeds_related_snacks
13577,candy
13594,chocolate
13595,candy
13598,chocolate
13613,cookies_biscuits
13615,chips_pretzels_snacks
13616,chips_pretzels_snacks
13621,popcorn_peanuts_seeds_related_snacks
13647,chocolate
13675,popcorn_peanuts_seeds_related_snacks
13682,chips_pretzels_snacks
13691,chocolate
13699,cookies_biscuits
13714,popcorn_peanuts_seeds_related_snacks
13717,chocolate
13743,popcorn_peanuts_seeds_related_snacks
13755,popcorn_peanuts_seeds_related_snacks
13757,popcorn_peanuts_seeds_related_snacks
13760,chocolate
13765,chocolate
13782,candy
13819,chocolate
13831,popcorn_peanuts_seeds_related_snacks
13849,chips_pretzels_snacks
13852,chocolate
13854,popcorn_peanuts_seeds_related_snacks
13857,chips_pretzels_snacks
13861,candy
13898,cookies_biscuits
13905,cookies_biscuits
13908,candy
13914,chocolate
13923,chips_pretzels_snacks
13926,chips_pretzels_snacks
13939,chocolate
13941,chocolate
13953,cookies_biscuits
13961,candy
13971,candy
13972,candy
13974,popcorn_peanuts_seeds_related_snacks
13988,chocolate
13998,cookies_biscuits
13999,cookies_biscuits
14000,candy
14021,chocolate
14022,chocolate
14037,chocolate
14043,chips_pretzels_snacks
14049,chocolate
14065,candy
14069,chocolate
14092,chocolate
14118,popcorn_peanuts_seeds_related_snacks
14123,candy
14144,cookies_biscuits
14146,cookies_biscuits
14148,candy
14157,cookies_biscuits
14166,chocolate
14172,popcorn_peanuts_seeds_related_snacks
14186,chocolate
14201,candy
14212,cookies_biscuits
14217,popcorn_peanuts_seeds_related_snacks
14237,chips_pretzels_snacks
14240,candy
14262,candy
14263,popcorn_peanuts_seeds_related_snacks
14264,chips_pretzels_snacks
14277,candy
14290,candy
14296,chips_pretzels_snacks
14300,candy
14320,cookies_biscuits
14322,candy
14325,chips_pretzels_snacks
14331,popcorn_peanuts_seeds_related_snacks
14340,cookies_biscuits
14346,chocolate
14354,popcorn_peanuts_seeds_related_snacks
14382,chips_pretzels_snacks
14385,popcorn_peanuts_seeds_related_snacks
14392,cookies_biscuits
14405,chips_pretzels_snacks
14406,chips_pretzels_snacks
14407,chips_pretzels_snacks
14417,cookies_biscuits
14423,candy
14426,popcorn_peanuts_seeds_related_snacks
14440,chips_pretzels_snacks
14459,chips_pretzels_snacks
14468,chocolate
14472,chocolate
14474,chips_pretzels_snacks
14477,popcorn_peanuts_seeds_related_snacks
14479,candy
14484,cookies_biscuits
14534,candy
14536,candy
14546,candy
14551,candy
14560,candy
14575,popcorn_peanuts_seeds_related_snacks
14579,popcorn_peanuts_seeds_related_snacks
14586,chips_pretzels_snacks
14599,chips_pretzels_snacks
14601,candy
14609,popcorn_peanuts_seeds_related_snacks
14612,popcorn_peanuts_seeds_related_snacks
14617,chips_pretzels_snacks
14629,chips_pretzels_snacks
14652,candy
14654,candy
14656,candy
14664,candy
14667,popcorn_peanuts_seeds_related_snacks
14682,popcorn_peanuts_seeds_related_snacks
14692,cookies_biscuits
14699,candy
14702,chips_pretzels_snacks
14710,chocolate
14732,chocolate
14734,candy
14770,cookies_biscuits
14772,cookies_biscuits
14780,candy
14799,candy
14807,popcorn_peanuts_seeds_related_snacks
14814,chocolate
14834,popcorn_peanuts_seeds_related_snacks
14840,chips_pretzels_snacks
14856,candy
14859,popcorn_peanuts_seeds_related_snacks
14869,popcorn_peanuts_seeds_related_snacks
14880,candy
14885,chips_pretzels_snacks
14887,chips_pretzels_snacks
14891,candy
14892,candy
14901,candy
14916,popcorn_peanuts_seeds_related_snacks
14919,cookies_biscuits
14920,chips_pretzels_snacks
14944,popcorn_peanuts_seeds_related_snacks
14955,chips_pretzels_snacks
14960,candy
14962,candy
14973,candy
14980,candy
15010,popcorn_peanuts_seeds_related_snacks
15028,cookies_biscuits
15038,cookies_biscuits
15042,candy
15044,candy
15046,candy
15059,popcorn_peanuts_seeds_related_snacks
15096,candy
15110,candy
15116,popcorn_peanuts_seeds_related_snacks
15120,popcorn_peanuts_seeds_related_snacks
15141,cookies_biscuits
15142,cookies_biscuits
15143,chocolate
15153,cookies_biscuits
15159,candy
15160,candy
15165,chocolate
15185,popcorn_peanuts_seeds_related_snacks
15187,cookies_biscuits
15193,cookies_biscuits
15201,popcorn_peanuts_seeds_related_snacks
15211,candy
15213,chocolate
15220,cookies_biscuits
15231,candy
15242,chocolate
15245,chocolate
15246,chocolate
15255,candy
15270,popcorn_peanuts_seeds_related_snacks
15275,popcorn_peanuts_seeds_related_snacks
15284,popcorn_peanuts_seeds_related_snacks
15294,chips_pretzels_snacks
15312,candy
15340,candy
15350,popcorn_peanuts_seeds_related_snacks
15351,candy
15360,cookies_biscuits
15361,cookies_biscuits
15380,popcorn_peanuts_seeds_related_snacks
15383,cookies_biscuits
15422,cookies_biscuits
15423,chips_pretzels_snacks
15425,popcorn_peanuts_seeds_related_snacks
15429,cookies_biscuits
15458,cookies_biscuits
15463,popcorn_peanuts_seeds_related_snacks
15465,popcorn_peanuts_seeds_related_snacks
15500,candy
15505,popcorn_peanuts_seeds_related_snacks
15517,candy
15520,cookies_biscuits
15536,cookies_biscuits
15541,popcorn_peanuts_seeds_related_snacks
15552,popcorn_peanuts_seeds_related_snacks
15558,chocolate
15564,chips_pretzels_snacks
15567,chips_pretzels_snacks
15584,candy
15590,candy
15604,chocolate
15632,popcorn_peanuts_seeds_related_snacks
15646,chips_pretzels_snacks
15665,candy
15667,popcorn_peanuts_seeds_related_snacks
15683,chocolate
15685,cookies_biscuits
15686,popcorn_peanuts_seeds_related_snacks
15698,cookies_biscuits
15699,candy
15700,candy
15710,chips_pretzels_snacks
15720,chips_pretzels_snacks
15722,candy
15726,candy
15733,candy
15736,cookies_biscuits
15743,chips_pretzels_snacks
15775,candy
15796,chocolate
15807,popcorn_peanuts_seeds_related_snacks
15817,chips_pretzels_snacks
15822,cookies_biscuits
15824,candy
15827,chips_pretzels_snacks
15837,candy
15847,chips_pretzels_snacks
15849,chocolate
15853,chips_pretzels_snacks
15874,chocolate
15881,chocolate
15903,cookies_biscuits
15913,chocolate
15914,candy
15934,cookies_biscuits
15941,popcorn_peanuts_seeds_related_snacks
15944,chips_pretzels_snacks
15952,popcorn_peanuts_seeds_related_snacks
15961,popcorn_peanuts_seeds_related_snacks
15980,cookies_biscuits
16008,popcorn_peanuts_seeds_related_snacks
16010,chips_pretzels_snacks
16019,popcorn_peanuts_seeds_related_snacks
16053,cookies_biscuits
16059,candy
16077,cookies_biscuits
16083,cookies_biscuits
16091,cookies_biscuits
16100,popcorn_peanuts_seeds_related_snacks
16112,popcorn_peanuts_seeds_related_snacks
16119,popcorn_peanuts_seeds_related_snacks
16127,popcorn_peanuts_seeds_related_snacks
16132,cakes_cupcakes_snack_cakes
16143,chips_pretzels_snacks
16169,cakes_cupcakes_snack_cakes
16176,popcorn_peanuts_seeds_related_snacks
16180,cookies_biscuits
16199,popcorn_peanuts_seeds_related_snacks
16209,popcorn_peanuts_seeds_related_snacks
16231,popcorn_peanuts_seeds_related_snacks
16236,popcorn_peanuts_seeds_related_snacks
16252,chips_pretzels_snacks
16255,popcorn_peanuts_seeds_related_snacks
16260,popcorn_peanuts_seeds_related_snacks
16270,cakes_cupcakes_snack_cakes
16272,cakes_cupcakes_snack_cakes
16296,cakes_cupcakes_snack_cakes
16298,cakes_cupcakes_snack_cakes
16299,cakes_cupcakes_snack_cakes
16300,cakes_cupcakes_snack_cakes
16319,cakes_cupcakes_snack_cakes
16324,cakes_cupcakes_snack_cakes
16351,cakes_cupcakes_snack_cakes
16372,cakes_cupcakes_snack_cakes
16401,popcorn_peanuts_seeds_related_snacks
16402,popcorn_peanuts_seeds_related_snacks
16451,cakes_cupcakes_snack_cakes
16463,cakes_cupcakes_snack_cakes
16488,cakes_cupcakes_snack_cakes
16489,cakes_cupcakes_snack_cakes
16495,cakes_cupcakes_snack_cakes
16510,cakes_cupcakes_snack_cakes
16512,candy
16518,cakes_cupcakes_snack_cakes
16529,cakes_cupcakes_snack_cakes
16555,cakes_cupcakes_snack_cakes
16570,candy
16574,cakes_cupcakes_snack_cakes
16581,candy
16597,cakes_cupcakes_snack_cakes
16600,cakes_cupcakes_snack_cakes
16603,candy
16614,cookies_biscuits
16645,cookies_biscuits
16673,cakes_cupcakes_snack_cakes
16674,cookies_biscuits
16682,cakes_cupcakes_snack_cakes
16683,candy
16685,candy
16710,cakes_cupcakes_snack_cakes
16723,cakes_cupcakes_snack_cakes
16724,cakes_cupcakes_snack_cakes
16730,candy
16733,candy
16739,cakes_cupcakes_snack_cakes
16760,cakes_cupcakes_snack_cakes
16763,candy
16768,cakes_cupcakes_snack_cakes
16770,cakes_cupcakes_snack_cakes
16781,chips_pretzels_snacks
16783,cakes_cupcakes_snack_cakes
16785,chocolate
16825,cakes_cupcakes_snack_cakes
16833,cakes_cupcakes_snack_cakes
16841,cakes_cupcakes_snack_cakes
16871,cakes_cupcakes_snack_cakes
16876,cakes_cupcakes_snack_cakes
16885,cakes_cupcakes_snack_cakes
16905,cakes_cupcakes_snack_cakes
16910,cakes_cupcakes_snack_cakes
16919,cakes_cupcakes_snack_cakes
16920,cakes_cupcakes_snack_cakes
16921,cakes_cupcakes_snack_cakes
16928,cookies_biscuits
16930,cakes_cupcakes_snack_cakes
16945,cakes_cupcakes_snack_cakes
16955,cookies_biscuits
17010,candy
17031,candy
17039,cookies_biscuits
17051,cakes_cupcakes_snack_cakes
17058,cakes_cupcakes_snack_cakes
17071,candy
17084,cakes_cupcakes_snack_cakes
17113,cakes_cupcakes_snack_cakes
17129,chips_pretzels_snacks
17143,cakes_cupcakes_snack_cakes
17150,candy
17169,cakes_cupcakes_snack_cakes
17170,cakes_cupcakes_snack_cakes
17178,cakes_cupcakes_snack_cakes
17179,cakes_cupcakes_snack_cakes
17184,cakes_cupcakes_snack_cakes
17201,cakes_cupcakes_snack_cakes
17220,cakes_cupcakes_snack_cakes
17238,cakes_cupcakes_snack_cakes
17244,cakes_cupcakes_snack_cakes
17248,cakes_cupcakes_snack_cakes
17259,cakes_cupcakes_snack_cakes
17262,cakes_cupcakes_snack_cakes
17276,candy
17278,popcorn_peanuts_seeds_related_snacks
17295,cakes_cupcakes_snack_cakes
17308,chocolate
17310,chocolate
17315,chocolate
17317,chocolate
17318,chips_pretzels_snacks
17325,candy
17355,chips_pretzels_snacks
17357,cakes_cupcakes_snack_cakes
17371,chocolate
17382,cakes_cupcakes_snack_cakes
17408,cookies_biscuits
17434,cakes_cupcakes_snack_cakes
17444,cakes_cupcakes_snack_cakes
17445,cakes_cupcakes_snack_cakes
17449,cakes_cupcakes_snack_cakes
17460,cakes_cupcakes_snack_cakes
17467,cakes_cupcakes_snack_cakes
17469,cakes_cupcakes_snack_cakes
17477,cakes_cupcakes_snack_cakes
17480,cakes_cupcakes_snack_cakes
17482,cakes_cupcakes_snack_cakes
17501,cakes_cupcakes_snack_cakes
17510,cakes_cupcakes_snack_cakes
17534,chocolate
17554,cakes_cupcakes_snack_cakes
17555,cakes_cupcakes_snack_cakes
17557,cakes_cupcakes_snack_cakes
17559,cakes_cupcakes_snack_cakes
17575,cakes_cupcakes_snack_cakes
17584,candy
17589,chocolate
17590,cakes_cupcakes_snack_cakes
17593,cakes_cupcakes_snack_cakes
17602,candy
17625,cakes_cupcakes_snack_cakes
17626,cakes_cupcakes_snack_cakes
17627,cakes_cupcakes_snack_cakes
17639,cakes_cupcakes_snack_cakes
17640,popcorn_peanuts_seeds_related_snacks
17644,candy
17646,cakes_cupcakes_snack_cakes
17647,candy
17651,popcorn_peanuts_seeds_related_snacks
17658,candy
17667,cakes_cupcakes_snack_cakes
17670,cakes_cupcakes_snack_cakes
17681,cakes_cupcakes_snack_cakes
17709,popcorn_peanuts_seeds_related_snacks
17712,candy
17734,cakes_cupcakes_snack_cakes
17740,cakes_cupcakes_snack_cakes
17752,cakes_cupcakes_snack_cakes
17758,cakes_cupcakes_snack_cakes
17770,cakes_cupcakes_snack_cakes
17774,candy
17779,cakes_cupcakes_snack_cakes
17783,cakes_cupcakes_snack_cakes
17800,cakes_cupcakes_snack_cakes
17814,cakes_cupcakes_snack_cakes
17818,cakes_cupcakes_snack_cakes
17820,popcorn_peanuts_seeds_related_snacks
17860,cookies_biscuits
17888,candy
17905,candy
17909,cakes_cupcakes_snack_cakes
17930,cookies_biscuits
17948,popcorn_peanuts_seeds_related_snacks
17959,chocolate
17966,cookies_biscuits
17971,popcorn_peanuts_seeds_related_snacks
17984,chocolate
17985,chocolate
17996,chocolate
17997,chocolate
18006,popcorn_peanuts_seeds_related_snacks
18016,popcorn_peanuts_seeds_related_snacks
18028,cookies_biscuits
18044,popcorn_peanuts_seeds_related_snacks
18054,cookies_biscuits
18062,cookies_biscuits
18065,popcorn_peanuts_seeds_related_snacks
18070,popcorn_peanuts_seeds_related_snacks
18076,chocolate
18080,popcorn_peanuts_seeds_related_snacks
18094,popcorn_peanuts_seeds_related_snacks
18099,cakes_cupcakes_snack_cakes
18101,cakes_cupcakes_snack_cakes
18106,cakes_cupcakes_snack_cakes
18116,chocolate
18117,chocolate
18119,chocolate
18126,chocolate
18131,chocolate
18137,cakes_cupcakes_snack_cakes
18140,cakes_cupcakes_snack_cakes
18166,cakes_cupcakes_snack_cakes
18169,cakes_cupcakes_snack_cakes
18176,cookies_biscuits
18182,cakes_cupcakes_snack_cakes
18198,cakes_cupcakes_snack_cakes
18200,candy
18201,cakes_cupcakes_snack_cakes
18209,chocolate
18217,chocolate
18222,cakes_cupcakes_snack_cakes
18245,cakes_cupcakes_snack_cakes
18266,popcorn_peanuts_seeds_related_snacks
18267,chocolate
18282,cakes_cupcakes_snack_cakes
18294,chocolate
18305,cakes_cupcakes_snack_cakes
18309,cakes_cupcakes_snack_cakes
18319,chocolate
18330,chocolate
18377,popcorn_peanuts_seeds_related_snacks
18393,chocolate
18416,cakes_cupcakes_snack_cakes
18455,cakes_cupcakes_snack_cakes
18490,candy
18507,chocolate
18509,chocolate
18516,cakes_cupcakes_snack_cakes
18537,chocolate
18547,cakes_cupcakes_snack_cakes
18549,candy
18558,candy
18560,chocolate
18578,chocolate
18580,chocolate
18583,cookies_biscuits
18614,cookies_biscuits
18621,candy
18627,chips_pretzels_snacks
18632,chocolate
18650,chocolate
18669,cakes_cupcakes_snack_cakes
18700,candy
18708,chocolate
18728,chocolate
18731,candy
18740,chocolate
18742,chocolate
18752,chocolate
18759,chocolate
18785,chocolate
18796,cookies_biscuits
18803,chocolate
18850,chocolate
18851,chocolate
18863,cookies_biscuits
18887,cakes_cupcakes_snack_cakes
18890,cakes_cupcakes_snack_cakes
18894,chocolate
18902,cookies_biscuits
18903,cookies_biscuits
18932,cookies_biscuits
18933,cookies_biscuits
18941,chocolate
18948,cakes_cupcakes_snack_cakes
18952,cakes_cupcakes_snack_cakes
18957,cookies_biscuits
19020,cookies_biscuits
19033,cookies_biscuits
19060,cookies_biscuits
19061,cookies_biscuits
19066,cookies_biscuits
19077,cookies_biscuits
19078,cookies_biscuits
19087,cookies_biscuits
19106,cookies_biscuits
19129,cookies_biscuits
19135,candy
19173,cookies_biscuits
19178,cookies_biscuits
19212,cookies_biscuits
19220,cookies_biscuits
19222,candy
19224,candy
19229,popcorn_peanuts_seeds_related_snacks
19234,cakes_cupcakes_snack_cakes
19235,candy
19236,popcorn_peanuts_seeds_related_snacks
19238,popcorn_peanuts_seeds_related_snacks
19254,popcorn_peanuts_seeds_related_snacks
19262,candy
19273,candy
19275,candy
19283,candy
19302,popcorn_peanuts_seeds_related_snacks
19312,candy
19314,candy
19325,popcorn_peanuts_seeds_related_snacks
19336,popcorn_peanuts_seeds_related_snacks
19350,popcorn_peanuts_seeds_related_snacks
19358,candy
19403,candy
19450,candy
19457,candy
19460,candy
19462,candy
19463,candy
19465,candy
19470,candy
19474,candy
19476,candy
19489,candy
19496,candy
19521,candy
19524,candy
19536,popcorn_peanuts_seeds_related_snacks
19537,popcorn_peanuts_seeds_related_snacks
19545,candy
19547,popcorn_peanuts_seeds_related_snacks
19548,candy
19555,popcorn_peanuts_seeds_related_snacks
19560,candy
19562,popcorn_peanuts_seeds_related_snacks
19571,candy
19586,popcorn_peanuts_seeds_related_snacks
19593,candy
19600,candy
19603,popcorn_peanuts_seeds_related_snacks
19607,popcorn_peanuts_seeds_related_snacks
19608,candy
19614,candy
19632,popcorn_peanuts_seeds_related_snacks
19635,popcorn_peanuts_seeds_related_snacks
19636,popcorn_peanuts_seeds_related_snacks
19642,candy
19662,candy
19666,candy
19671,candy
19687,candy
19690,popcorn_peanuts_seeds_related_snacks
19698,candy
19704,candy
19715,candy
19721,candy
19722,candy
19734,popcorn_peanuts_seeds_related_snacks
19740,candy
19758,popcorn_peanuts_seeds_related_snacks
19766,popcorn_peanuts_seeds_related_snacks
19772,popcorn_peanuts_seeds_related_snacks
19774,popcorn_peanuts_seeds_related_snacks
19796,chips_pretzels_snacks
19800,candy
19802,popcorn_peanuts_seeds_related_snacks
19835,popcorn_peanuts_seeds_related_snacks
19839,candy
19905,candy
19920,candy
19980,candy
19982,candy
19991,candy
20025,candy
20029,popcorn_peanuts_seeds_related_snacks
20032,candy
20034,candy
20040,candy
20051,candy
20054,candy
20066,candy
20071,candy
20073,chips_pretzels_snacks
20091,candy
20098,candy
20105,popcorn_peanuts_seeds_related_snacks
20112,popcorn_peanuts_seeds_related_snacks
20113,popcorn_peanuts_seeds_related_snacks
20127,popcorn_peanuts_seeds_related_snacks
20144,candy
20156,chips_pretzels_snacks
20182,candy
20183,candy
20200,candy
20214,candy
20216,chips_pretzels_snacks
20222,candy
20225,cakes_cupcakes_snack_cakes
20226,cakes_cupcakes_snack_cakes
20277,candy
20299,chips_pretzels_snacks
20315,candy
20320,popcorn_peanuts_seeds_related_snacks
20326,popcorn_peanuts_seeds_related_snacks
20342,chips_pretzels_snacks
20347,chips_pretzels_snacks
20371,candy
20373,chips_pretzels_snacks
20376,popcorn_peanuts_seeds_related_snacks
20380,popcorn_peanuts_seeds_related_snacks
20383,popcorn_peanuts_seeds_related_snacks
20384,popcorn_peanuts_seeds_related_snacks
20397,popcorn_peanuts_seeds_related_snacks
20403,popcorn_peanuts_seeds_related_snacks
20405,candy
20407,popcorn_peanuts_seeds_related_snacks
20409,popcorn_peanuts_seeds_related_snacks
20413,chips_pretzels_snacks
20416,chips_pretzels_snacks
20433,chips_pretzels_snacks
20444,candy
20454,candy
20462,candy
20476,popcorn_peanuts_seeds_related_snacks
20485,popcorn_peanuts_seeds_related_snacks
20509,popcorn_peanuts_seeds_related_snacks
20516,chips_pretzels_snacks
20549,popcorn_peanuts_seeds_related_snacks
20559,chips_pretzels_snacks
20569,popcorn_peanuts_seeds_related_snacks
20574,cakes_cupcakes_snack_cakes
20585,popcorn_peanuts_seeds_related_snacks
20608,popcorn_peanuts_seeds_related_snacks
20624,popcorn_peanuts_seeds_related_snacks
20638,popcorn_peanuts_seeds_related_snacks
20639,popcorn_peanuts_seeds_related_snacks
20647,candy
20653,popcorn_peanuts_seeds_related_snacks
20658,chips_pretzels_snacks
20659,chips_pretzels_snacks
20663,chips_pretzels_snacks
20684,chips_pretzels_snacks
20687,chips_pretzels_snacks
20688,chips_pretzels_snacks
20707,candy
20725,candy
20729,popcorn_peanuts_seeds_related_snacks
20731,popcorn_peanuts_seeds_related_snacks
20748,popcorn_peanuts_seeds_related_snacks
20761,cakes_cupcakes_snack_cakes
20763,cakes_cupcakes_snack_cakes
20785,cakes_cupcakes_snack_cakes
20800,cakes_cupcakes_snack_cakes
20804,popcorn_peanuts_seeds_related_snacks
20812,cakes_cupcakes_snack_cakes
20818,cakes_cupcakes_snack_cakes
20823,cakes_cupcakes_snack_cakes
20835,cakes_cupcakes_snack_cakes
20836,cakes_cupcakes_snack_cakes
20843,cakes_cupcakes_snack_cakes
20859,cakes_cupcakes_snack_cakes
20862,popcorn_peanuts_seeds_related_snacks
20866,cakes_cupcakes_snack_cakes
20869,cakes_cupcakes_snack_cakes
20873,cakes_cupcakes_snack_cakes
20880,popcorn_peanuts_seeds_related_snacks
20889,cakes_cupcakes_snack_cakes
20891,cakes_cupcakes_snack_cakes
20895,cakes_cupcakes_snack_cakes
20915,cakes_cupcakes_snack_cakes
20918,popcorn_peanuts_seeds_related_snacks
20919,cakes_cupcakes_snack_cakes
20956,popcorn_peanuts_seeds_related_snacks
20958,popcorn_peanuts_seeds_related_snacks
20962,candy
20968,candy
20998,chips_pretzels_snacks
21019,chocolate
21033,candy
21045,cakes_cupcakes_snack_cakes
21052,candy
21053,popcorn_peanuts_seeds_related_snacks
21055,popcorn_peanuts_seeds_related_snacks
21075,candy
21076,cakes_cupcakes_snack_cakes
21100,candy
21106,popcorn_peanuts_seeds_related_snacks
21110,cakes_cupcakes_snack_cakes
21135,popcorn_peanuts_seeds_related_snacks
21144,popcorn_peanuts_seeds_related_snacks
21147,popcorn_peanuts_seeds_related_snacks
21155,cookies_biscuits
21161,popcorn_peanuts_seeds_related_snacks
21186,cakes_cupcakes_snack_cakes
21189,popcorn_peanuts_seeds_related_snacks
21201,popcorn_peanuts_seeds_related_snacks
21208,cakes_cupcakes_snack_cakes
21210,cakes_cupcakes_snack_cakes
21257,cakes_cupcakes_snack_cakes
21260,cakes_cupcakes_snack_cakes
21261,cakes_cupcakes_snack_cakes
21264,cakes_cupcakes_snack_cakes
21280,candy
21297,chips_pretzels_snacks
21300,popcorn_peanuts_seeds_related_snacks
21312,popcorn_peanuts_seeds_related_snacks
21319,cakes_cupcakes_snack_cakes
21356,cakes_cupcakes_snack_cakes
21359,cookies_biscuits
21360,cookies_biscuits
21361,cookies_biscuits
21373,cookies_biscuits
21393,popcorn_peanuts_seeds_related_snacks
21395,chips_pretzels_snacks
21396,chips_pretzels_snacks
21406,candy
21419,candy
21422,candy
21430,candy
21440,chocolate
21450,chocolate
21464,chips_pretzels_snacks
21477,candy
21480,cookies_biscuits
21489,candy
21492,candy
21495,chips_pretzels_snacks
21503,popcorn_peanuts_seeds_related_snacks
21509,candy
21514,cookies_biscuits
21518,candy
21538,candy
21544,candy
21546,popcorn_peanuts_seeds_related_snacks
21548,cakes_cupcakes_snack_cakes
21554,chips_pretzels_snacks
21563,cookies_biscuits
21564,candy
21569,cookies_biscuits
21574,popcorn_peanuts_seeds_related_snacks
21586,popcorn_peanuts_seeds_related_snacks
21588,popcorn_peanuts_seeds_related_snacks
21596,chocolate
21612,cookies_biscuits
21629,popcorn_peanuts_seeds_related_snacks
21634,cookies_biscuits
21636,chips_pretzels_snacks
21646,popcorn_peanuts_seeds_related_snacks
21650,chips_pretzels_snacks
21660,candy
21672,cakes_cupcakes_snack_cakes
21683,cakes_cupcakes_snack_cakes
21694,chips_pretzels_snacks
21708,candy
21709,chocolate
21711,popcorn_peanuts_seeds_related_snacks
21725,chocolate
21742,candy
21747,popcorn_peanuts_seeds_related_snacks
21769,popcorn_peanuts_seeds_related_snacks
21781,candy
21803,candy
21815,cookies_biscuits
21822,cookies_biscuits
21826,popcorn_peanuts_seeds_related_snacks
21836,cookies_biscuits
21844,cookies_biscuits
21869,popcorn_peanuts_seeds_related_snacks
21871,candy
21875,popcorn_peanuts_seeds_related_snacks
21888,chocolate
21896,cakes_cupcakes_snack_cakes
21910,cookies_biscuits
21913,chocolate
21928,chocolate
21962,cookies_biscuits
21970,cakes_cupcakes_snack_cakes
21977,cookies_biscuits
21983,cookies_biscuits
21989,cookies_biscuits
21997,cookies_biscuits
21998,candy
22016,popcorn_peanuts_seeds_related_snacks
22020,chips_pretzels_snacks
22021,popcorn_peanuts_seeds_related_snacks
22028,chocolate
22032,chips_pretzels_snacks
22037,chocolate
22040,cakes_cupcakes_snack_cakes
22048,popcorn_peanuts_seeds_related_snacks
22058,chocolate
22061,chocolate
22074,chocolate
22078,chocolate
22093,chocolate
22094,cookies_biscuits
22100,candy
22101,candy
22106,candy
22120,chocolate
22138,chocolate
22140,candy
22169,candy
22186,candy
22190,popcorn_peanuts_seeds_related_snacks
22196,popcorn_peanuts_seeds_related_snacks
22212,popcorn_peanuts_seeds_related_snacks
22220,popcorn_peanuts_seeds_related_snacks
22223,popcorn_peanuts_seeds_related_snacks
22249,popcorn_peanuts_seeds_related_snacks
22253,cookies_biscuits
22267,popcorn_peanuts_seeds_related_snacks
22270,chocolate
22289,candy
22291,popcorn_peanuts_seeds_related_snacks
22298,chocolate
22301,chocolate
22338,popcorn_peanuts_seeds_related_snacks
22349,chocolate
22354,candy
22365,chips_pretzels_snacks
22368,candy
22381,candy
22395,chocolate
22406,candy
22428,candy
22450,chocolate
22461,cookies_biscuits
22493,chips_pretzels_snacks
22494,chips_pretzels_snacks
22495,chips_pretzels_snacks
22506,popcorn_peanuts_seeds_related_snacks
22514,candy
22521,chocolate
22523,popcorn_peanuts_seeds_related_snacks
22528,popcorn_peanuts_seeds_related_snacks
22530,candy
22539,candy
22542,candy
22561,chocolate
22570,popcorn_peanuts_seeds_related_snacks
22581,popcorn_peanuts_seeds_related_snacks
22585,cookies_biscuits
22594,cookies_biscuits
22600,candy
22624,chocolate
22627,cookies_biscuits
22629,candy
22633,candy
22637,cookies_biscuits
22644,candy
22647,candy
22672,chocolate
22680,popcorn_peanuts_seeds_related_snacks
22689,candy
22694,cookies_biscuits
22697,cookies_biscuits
22710,popcorn_peanuts_seeds_related_snacks
22719,popcorn_peanuts_seeds_related_snacks
22721,cookies_biscuits
22723,cookies_biscuits
22737,cookies_biscuits
22745,candy
22753,candy
22770,candy
22784,popcorn_peanuts_seeds_related_snacks
22788,popcorn_peanuts_seeds_related_snacks
22808,chocolate
22810,popcorn_peanuts_seeds_related_snacks
22813,chocolate
22823,cookies_biscuits
22830,cookies_biscuits
22842,chips_pretzels_snacks
22849,chocolate
22859,candy
22876,cookies_biscuits
22878,chocolate
22885,candy
22893,candy
22896,cookies_biscuits
22904,cookies_biscuits
22914,cookies_biscuits
22917,candy
22924,chocolate
22928,candy
22948,popcorn_peanuts_seeds_related_snacks
22965,cookies_biscuits
22970,chocolate
22975,candy
22992,cakes_cupcakes_snack_cakes
23003,cakes_cupcakes_snack_cakes
23005,cakes_cupcakes_snack_cakes
23020,cookies_biscuits
23024,candy
23028,cakes_cupcakes_snack_cakes
23034,cookies_biscuits
23045,cakes_cupcakes_snack_cakes
23055,cakes_cupcakes_snack_cakes
23066,cakes_cupcakes_snack_cakes
23075,candy
23077,cakes_cupcakes_snack_cakes
23085,cakes_cupcakes_snack_cakes
23088,cakes_cupcakes_snack_cakes
23089,cakes_cupcakes_snack_cakes
23095,cakes_cupcakes_snack_cakes
23102,cakes_cupcakes_snack_cakes
23135,cakes_cupcakes_snack_cakes
23138,cakes_cupcakes_snack_cakes
23145,cookies_biscuits
23148,candy
23149,cookies_biscuits
23152,chips_pretzels_snacks
23153,popcorn_peanuts_seeds_related_snacks
23165,cakes_cupcakes_snack_cakes
23181,cakes_cupcakes_snack_cakes
23182,cakes_cupcakes_snack_cakes
23190,cakes_cupcakes_snack_cakes
23197,popcorn_peanuts_seeds_related_snacks
23211,chips_pretzels_snacks
23226,candy
23243,chocolate
23267,chocolate
23268,candy
23280,popcorn_peanuts_seeds_related_snacks
23287,chocolate
23302,cakes_cupcakes_snack_cakes
23311,chocolate
23317,candy
23318,cookies_biscuits
23321,candy
23324,cakes_cupcakes_snack_cakes
23335,cakes_cupcakes_snack_cakes
23351,chocolate
23373,cakes_cupcakes_snack_cakes
23376,chocolate
23380,cakes_cupcakes_snack_cakes
23390,chocolate
23425,chocolate
23448,cookies_biscuits
23452,cookies_biscuits
23468,cookies_biscuits
23505,candy
23520,candy
23524,candy
23529,candy
23531,candy
23532,candy
23538,popcorn_peanuts_seeds_related_snacks
23541,candy
23549,candy
23555,candy
23578,chips_pretzels_snacks
23580,candy
23584,popcorn_peanuts_seeds_related_snacks
23592,candy
23593,chips_pretzels_snacks
23598,popcorn_peanuts_seeds_related_snacks
23614,popcorn_peanuts_seeds_related_snacks
23628,popcorn_peanuts_seeds_related_snacks
23636,chips_pretzels_snacks
23662,popcorn_peanuts_seeds_related_snacks
23666,candy
23687,cookies_biscuits
23698,candy
23704,cakes_cupcakes_snack_cakes
23714,cakes_cupcakes_snack_cakes
23729,candy
23731,candy
23734,chocolate
23758,popcorn_peanuts_seeds_related_snacks
23782,popcorn_peanuts_seeds_related_snacks
23787,chips_pretzels_snacks
23807,popcorn_peanuts_seeds_related_snacks
23815,chips_pretzels_snacks
23845,popcorn_peanuts_seeds_related_snacks
23872,cakes_cupcakes_snack_cakes
23873,chips_pretzels_snacks
23874,chocolate
23879,candy
23889,candy
23909,candy
23914,candy
23924,cakes_cupcakes_snack_cakes
23934,popcorn_peanuts_seeds_related_snacks
23939,chocolate
23947,popcorn_peanuts_seeds_related_snacks
23952,candy
23957,cakes_cupcakes_snack_cakes
23960,popcorn_peanuts_seeds_related_snacks
23964,popcorn_peanuts_seeds_related_snacks
23968,chips_pretzels_snacks
23971,cookies_biscuits
23978,cookies_biscuits
23998,cakes_cupcakes_snack_cakes
24005,cookies_biscuits
24006,candy
24013,chocolate
24020,chips_pretzels_snacks
24023,chips_pretzels_snacks
24046,popcorn_peanuts_seeds_related_snacks
24066,candy
24073,candy
24079,candy
24102,candy
24107,chocolate
24110,popcorn_peanuts_seeds_related_snacks
24131,cakes_cupcakes_snack_cakes
24136,candy
24137,popcorn_peanuts_seeds_related_snacks
24140,popcorn_peanuts_seeds_related_snacks
24160,chocolate
24161,chocolate
24164,candy
24168,popcorn_peanuts_seeds_related_snacks
24170,candy
24173,chocolate
24177,popcorn_peanuts_seeds_related_snacks
24196,candy
24206,popcorn_peanuts_seeds_related_snacks
24208,chocolate
24213,popcorn_peanuts_seeds_related_snacks
24238,popcorn_peanuts_seeds_related_snacks
24247,popcorn_peanuts_seeds_related_snacks
24253,cookies_biscuits
24262,candy
24285,cakes_cupcakes_snack_cakes
24286,candy
24308,cookies_biscuits
24316,cakes_cupcakes_snack_cakes
24336,cakes_cupcakes_snack_cakes
24338,cakes_cupcakes_snack_cakes
24343,cookies_biscuits
24347,popcorn_peanuts_seeds_related_snacks
24357,cookies_biscuits
24358,popcorn_peanuts_seeds_related_snacks
24363,chocolate
24369,cakes_cupcakes_snack_cakes
24382,cookies_biscuits
24414,popcorn_peanuts_seeds_related_snacks
24419,candy
24430,popcorn_peanuts_seeds_related_snacks
24438,popcorn_peanuts_seeds_related_snacks
24442,cookies_biscuits
24450,popcorn_peanuts_seeds_related_snacks
24464,popcorn_peanuts_seeds_related_snacks
24465,popcorn_peanuts_seeds_related_snacks
24478,popcorn_peanuts_seeds_related_snacks
24488,popcorn_peanuts_seeds_related_snacks
24496,popcorn_peanuts_seeds_related_snacks
24502,popcorn_peanuts_seeds_related_snacks
24506,popcorn_peanuts_seeds_related_snacks
24530,cakes_cupcakes_snack_cakes
24532,popcorn_peanuts_seeds_related_snacks
24538,chips_pretzels_snacks
24541,popcorn_peanuts_seeds_related_snacks
24542,chocolate
24551,popcorn_peanuts_seeds_related_snacks
24566,popcorn_peanuts_seeds_related_snacks
24582,popcorn_peanuts_seeds_related_snacks
24595,cakes_cupcakes_snack_cakes
24602,popcorn_peanuts_seeds_related_snacks
24611,cookies_biscuits
24613,candy
24614,chocolate
24623,candy
24630,chips_pretzels_snacks
24633,popcorn_peanuts_seeds_related_snacks
24639,candy
24678,cookies_biscuits
24684,candy
24690,popcorn_peanuts_seeds_related_snacks
24701,chocolate
24709,candy
24714,popcorn_peanuts_seeds_related_snacks
24718,chips_pretzels_snacks
24725,cookies_biscuits
24730,cookies_biscuits
24734,cakes_cupcakes_snack_cakes
24754,chocolate
24770,chocolate
24777,popcorn_peanuts_seeds_related_snacks
24782,popcorn_peanuts_seeds_related_snacks
24784,cookies_biscuits
24786,candy
24819,chocolate
24829,popcorn_peanuts_seeds_related_snacks
24838,candy
24856,cookies_biscuits
24872,candy
24883,cookies_biscuits
24887,candy
24896,cakes_cupcakes_snack_cakes
24907,chocolate
24925,cookies_biscuits
24927,candy
24931,cookies_biscuits
24962,cookies_biscuits
24974,popcorn_peanuts_seeds_related_snacks
24975,candy
24977,cookies_biscuits
24983,candy
24984,candy
24990,chips_pretzels_snacks
25015,candy
25021,cookies_biscuits
25030,popcorn_peanuts_seeds_related_snacks
25039,popcorn_peanuts_seeds_related_snacks
25050,popcorn_peanuts_seeds_related_snacks
25058,candy
25068,popcorn_peanuts_seeds_related_snacks
25069,popcorn_peanuts_seeds_related_snacks
25072,popcorn_peanuts_seeds_related_snacks
25079,candy
25093,candy
25095,candy
25104,popcorn_peanuts_seeds_related_snacks
25105,cakes_cupcakes_snack_cakes
25125,chips_pretzels_snacks
25126,chips_pretzels_snacks
25132,candy
25142,chips_pretzels_snacks
25159,cookies_biscuits
25160,cookies_biscuits
25177,popcorn_peanuts_seeds_related_snacks
25193,cookies_biscuits
25218,cakes_cupcakes_snack_cakes
25219,cakes_cupcakes_snack_cakes
25223,cookies_biscuits
25229,cakes_cupcakes_snack_cakes
25236,cookies_biscuits
25241,cakes_cupcakes_snack_cakes
25250,candy
25255,candy
25256,candy
25280,cookies_biscuits
25284,candy
25294,candy
25309,popcorn_peanuts_seeds_related_snacks
25317,cookies_biscuits
25340,chips_pretzels_snacks
25343,cookies_biscuits
25348,cakes_cupcakes_snack_cakes
25354,cakes_cupcakes_snack_cakes
25378,candy
25388,popcorn_peanuts_seeds_related_snacks
25392,cookies_biscuits
25406,candy
25407,chocolate
25412,popcorn_peanuts_seeds_related_snacks
25416,cakes_cupcakes_snack_cakes
25434,chips_pretzels_snacks
25435,candy
25455,chocolate
25464,candy
25473,candy
25496,cakes_cupcakes_snack_cakes
25503,candy
25518,popcorn_peanuts_seeds_related_snacks
25523,chips_pretzels_snacks
25537,popcorn_peanuts_seeds_related_snacks
25548,candy
25556,popcorn_peanuts_seeds_related_snacks
25570,popcorn_peanuts_seeds_related_snacks
25572,candy
25573,cakes_cupcakes_snack_cakes
25574,chocolate
25592,cakes_cupcakes_snack_cakes
25615,candy
25618,cookies_biscuits
25634,chocolate
25646,chocolate
25651,cookies_biscuits
25658,chocolate
25667,popcorn_peanuts_seeds_related_snacks
25684,popcorn_peanuts_seeds_related_snacks
25685,chocolate
25689,cookies_biscuits
25696,chips_pretzels_snacks
25714,cookies_biscuits
25731,popcorn_peanuts_seeds_related_snacks
25735,cookies_biscuits
25767,chips_pretzels_snacks
25774,cookies_biscuits
25783,popcorn_peanuts_seeds_related_snacks
25788,popcorn_peanuts_seeds_related_snacks
25810,cakes_cupcakes_snack_cakes
25813,cakes_cupcakes_snack_cakes
25815,cookies_biscuits
25817,popcorn_peanuts_seeds_related_snacks
25820,cookies_biscuits
25835,candy
25853,cakes_cupcakes_snack_cakes
25860,chips_pretzels_snacks
25866,popcorn_peanuts_seeds_related_snacks
25869,cookies_biscuits
25874,chocolate
25888,popcorn_peanuts_seeds_related_snacks
25895,chocolate
25896,cookies_biscuits
25898,cakes_cupcakes_snack_cakes
25901,cakes_cupcakes_snack_cakes
25911,chips_pretzels_snacks
25913,cookies_biscuits
25928,popcorn_peanuts_seeds_related_snacks
25929,candy
25954,cakes_cupcakes_snack_cakes
25978,cookies_biscuits
25989,popcorn_peanuts_seeds_related_snacks
25990,chips_pretzels_snacks
25996,cakes_cupcakes_snack_cakes
25997,cookies_biscuits
25999,candy
26001,cakes_cupcakes_snack_cakes
26002,cakes_cupcakes_snack_cakes
26003,chocolate
26008,cakes_cupcakes_snack_cakes
26019,candy
26020,chips_pretzels_snacks
26041,chocolate
26057,chips_pretzels_snacks
26075,cookies_biscuits
26081,chocolate
26086,candy
26094,cakes_cupcakes_snack_cakes
26101,chips_pretzels_snacks
26126,popcorn_peanuts_seeds_related_snacks
26137,cakes_cupcakes_snack_cakes
26138,candy
26139,popcorn_peanuts_seeds_related_snacks
26146,chocolate
26153,cakes_cupcakes_snack_cakes
26175,candy
26178,cakes_cupcakes_snack_cakes
26189,candy
26213,popcorn_peanuts_seeds_related_snacks
26219,cakes_cupcakes_snack_cakes
26269,candy
26281,popcorn_peanuts_seeds_related_snacks
26293,chocolate
26306,candy
26311,chocolate
26316,chocolate
26320,cakes_cupcakes_snack_cakes
26342,cakes_cupcakes_snack_cakes
26347,chocolate
26375,candy
26384,popcorn_peanuts_seeds_related_snacks
26389,popcorn_peanuts_seeds_related_snacks
26395,cakes_cupcakes_snack_cakes
26397,cookies_biscuits
26411,candy
26413,candy
26425,candy
26431,cookies_biscuits
26440,cakes_cupcakes_snack_cakes
26444,cookies_biscuits
26447,popcorn_peanuts_seeds_related_snacks
26448,popcorn_peanuts_seeds_related_snacks
26492,candy
26494,chocolate
26498,cakes_cupcakes_snack_cakes
26502,candy
26505,popcorn_peanuts_seeds_related_snacks
26510,popcorn_peanuts_seeds_related_snacks
26541,candy
26547,candy
26549,popcorn_peanuts_seeds_related_snacks
26574,cakes_cupcakes_snack_cakes
26578,chocolate
26580,chips_pretzels_snacks
26585,cookies_biscuits
26627,candy
26646,popcorn_peanuts_seeds_related_snacks
26651,cakes_cupcakes_snack_cakes
26701,chocolate
26712,popcorn_peanuts_seeds_related_snacks
26724,popcorn_peanuts_seeds_related_snacks
26730,chocolate
26755,candy
26757,chocolate
26761,candy
26770,chips_pretzels_snacks
26771,popcorn_peanuts_seeds_related_snacks
26775,chips_pretzels_snacks
26778,cakes_cupcakes_snack_cakes
26812,chocolate
26815,chips_pretzels_snacks
26831,cakes_cupcakes_snack_cakes
26832,candy
26833,popcorn_peanuts_seeds_related_snacks
26836,popcorn_peanuts_seeds_related_snacks
26838,cakes_cupcakes_snack_cakes
26842,popcorn_peanuts_seeds_related_snacks
26848,cookies_biscuits
26850,cookies_biscuits
26869,popcorn_peanuts_seeds_related_snacks
26877,cookies_biscuits
26878,chocolate
26881,chips_pretzels_snacks
26892,cakes_cupcakes_snack_cakes
26904,candy
26926,candy
26945,candy
26949,candy
26950,candy
26985,chocolate
27003,cakes_cupcakes_snack_cakes
27006,cookies_biscuits
27007,candy
27011,cookies_biscuits
27017,cakes_cupcakes_snack_cakes
27021,chocolate
27027,chocolate
27039,candy
27048,cakes_cupcakes_snack_cakes
27063,chips_pretzels_snacks
27069,popcorn_peanuts_seeds_related_snacks
27077,cookies_biscuits
27084,cookies_biscuits
27086,cookies_biscuits
27092,cakes_cupcakes_snack_cakes
27131,cookies_biscuits
27133,cookies_biscuits
27135,chocolate
27157,chips_pretzels_snacks
27201,chocolate
27224,cookies_biscuits
27248,chips_pretzels_snacks
27270,cookies_biscuits
27276,cookies_biscuits
27279,cookies_biscuits
27281,chips_pretzels_snacks
27286,cookies_biscuits
27295,cakes_cupcakes_snack_cakes
27306,chocolate
27311,candy
27320,chocolate
27327,chips_pretzels_snacks
27329,popcorn_peanuts_seeds_related_snacks
27346,candy
27385,candy
27417,cookies_biscuits
27432,chips_pretzels_snacks
27435,cookies_biscuits
27437,candy
27439,candy
27443,candy
27456,cakes_cupcakes_snack_cakes
27465,popcorn_peanuts_seeds_related_snacks
27478,cookies_biscuits
27480,cookies_biscuits
27482,popcorn_peanuts_seeds_related_snacks
27487,chips_pretzels_snacks
27488,chips_pretzels_snacks
27502,cakes_cupcakes_snack_cakes
27524,popcorn_peanuts_seeds_related_snacks
27529,popcorn_peanuts_seeds_related_snacks
27567,cakes_cupcakes_snack_cakes
27580,chips_pretzels_snacks
27586,cookies_biscuits
27588,popcorn_peanuts_seeds_related_snacks
27595,chips_pretzels_snacks
27596,popcorn_peanuts_seeds_related_snacks
27598,popcorn_peanuts_seeds_related_snacks
27600,popcorn_peanuts_seeds_related_snacks
27601,popcorn_peanuts_seeds_related_snacks
27608,popcorn_peanuts_seeds_related_snacks
27609,popcorn_peanuts_seeds_related_snacks
27610,chips_pretzels_snacks
27613,popcorn_peanuts_seeds_related_snacks
27634,chocolate
27643,cookies_biscuits
27646,candy
27648,candy
27665,candy
27702,chocolate
27703,chocolate
27713,chocolate
27724,candy
27728,chocolate
27734,chocolate
27735,candy
27744,chocolate
27762,candy
27764,candy
27771,cookies_biscuits
27782,cookies_biscuits
27785,chocolate
27793,chocolate
27795,chocolate
27800,candy
27804,cakes_cupcakes_snack_cakes
27819,candy
27841,cookies_biscuits
27846,chocolate
27854,cookies_biscuits
27861,cookies_biscuits
27868,cookies_biscuits
27870,cookies_biscuits
27874,cookies_biscuits
27884,candy
27899,candy
27902,popcorn_peanuts_seeds_related_snacks
27910,popcorn_peanuts_seeds_related_snacks
27914,popcorn_peanuts_seeds_related_snacks
27920,popcorn_peanuts_seeds_related_snacks
27921,candy
27932,popcorn_peanuts_seeds_related_snacks
27937,candy
27940,chocolate
27942,popcorn_peanuts_seeds_related_snacks
27944,cookies_biscuits
27950,candy
27953,cakes_cupcakes_snack_cakes
27956,popcorn_peanuts_seeds_related_snacks
27970,chocolate
28005,cakes_cupcakes_snack_cakes
28013,chips_pretzels_snacks
28024,cakes_cupcakes_snack_cakes
28034,cookies_biscuits
28041,popcorn_peanuts_seeds_related_snacks
28049,popcorn_peanuts_seeds_related_snacks
28050,chips_pretzels_snacks
28058,popcorn_peanuts_seeds_related_snacks
28070,chocolate
28101,chocolate
28118,popcorn_peanuts_seeds_related_snacks
28127,candy
28130,popcorn_peanuts_seeds_related_snacks
28148,chips_pretzels_snacks
28164,popcorn_peanuts_seeds_related_snacks
28178,cakes_cupcakes_snack_cakes
28187,candy
28241,cakes_cupcakes_snack_cakes
28260,candy
28263,chocolate
28273,popcorn_peanuts_seeds_related_snacks
28284,cookies_biscuits
28286,cookies_biscuits
28305,cakes_cupcakes_snack_cakes
28321,popcorn_peanuts_seeds_related_snacks
28328,candy
28330,cookies_biscuits
28335,cakes_cupcakes_snack_cakes
28342,popcorn_peanuts_seeds_related_snacks
28367,candy
28393,chips_pretzels_snacks
28395,chips_pretzels_snacks
28411,candy
28414,candy
28417,candy
28422,cookies_biscuits
28426,cookies_biscuits
28437,chips_pretzels_snacks
28454,popcorn_peanuts_seeds_related_snacks
28490,cakes_cupcakes_snack_cakes
28492,popcorn_peanuts_seeds_related_snacks
28493,popcorn_peanuts_seeds_related_snacks
28504,chocolate
28518,chips_pretzels_snacks
28519,chips_pretzels_snacks
28535,candy
28537,popcorn_peanuts_seeds_related_snacks
28553,cookies_biscuits
28575,popcorn_peanuts_seeds_related_snacks
28580,candy
28585,cookies_biscuits
28601,candy
28607,chocolate
28622,popcorn_peanuts_seeds_related_snacks
28660,candy
28679,cookies_biscuits
28680,candy
28688,cakes_cupcakes_snack_cakes
28698,cakes_cupcakes_snack_cakes
28708,candy
28714,chips_pretzels_snacks
28721,popcorn_peanuts_seeds_related_snacks
28730,chocolate
28746,candy
28756,popcorn_peanuts_seeds_related_snacks
28757,popcorn_peanuts_seeds_related_snacks
28760,cakes_cupcakes_snack_cakes
28785,chips_pretzels_snacks
28797,cookies_biscuits
28798,cookies_biscuits
28799,candy
28801,popcorn_peanuts_seeds_related_snacks
28806,popcorn_peanuts_seeds_related_snacks
28817,popcorn_peanuts_seeds_related_snacks
28822,cookies_biscuits
28833,cookies_biscuits
28845,candy
28846,cookies_biscuits
28847,candy
28871,candy
28874,candy
28875,popcorn_peanuts_seeds_related_snacks
28887,popcorn_peanuts_seeds_related_snacks
28915,chocolate
28925,candy
28932,chips_pretzels_snacks
28939,popcorn_peanuts_seeds_related_snacks
28944,chips_pretzels_snacks
28960,cakes_cupcakes_snack_cakes
28963,candy
28972,popcorn_peanuts_seeds_related_snacks
28977,cookies_biscuits
28982,popcorn_peanuts_seeds_related_snacks
28992,chips_pretzels_snacks
29000,cookies_biscuits
29008,cakes_cupcakes_snack_cakes
29024,cookies_biscuits
29041,candy
29048,candy
29050,chips_pretzels_snacks
29053,popcorn_peanuts_seeds_related_snacks
29063,candy
29065,cookies_biscuits
29073,cakes_cupcakes_snack_cakes
29109,popcorn_peanuts_seeds_related_snacks
29117,popcorn_peanuts_seeds_related_snacks
29118,cookies_biscuits
29119,popcorn_peanuts_seeds_related_snacks
29122,chocolate
29134,candy
29137,popcorn_peanuts_seeds_related_snacks
29145,popcorn_peanuts_seeds_related_snacks
29152,chocolate
29156,candy
29159,candy
29178,chocolate
29185,cookies_biscuits
29201,candy
29220,popcorn_peanuts_seeds_related_snacks
29225,candy
29227,cookies_biscuits
29233,cakes_cupcakes_snack_cakes
29234,chips_pretzels_snacks
29254,cookies_biscuits
29256,popcorn_peanuts_seeds_related_snacks
29266,candy
29272,chips_pretzels_snacks
29277,chocolate
29278,chocolate
29283,chips_pretzels_snacks
29288,chips_pretzels_snacks
29298,popcorn_peanuts_seeds_related_snacks
29324,cookies_biscuits
29342,cookies_biscuits
29344,popcorn_peanuts_seeds_related_snacks
29366,cookies_biscuits
29370,candy
29380,candy
29383,popcorn_peanuts_seeds_related_snacks
29387,cookies_biscuits
29432,candy
29433,candy
29447,candy
29458,popcorn_peanuts_seeds_related_snacks
29465,popcorn_peanuts_seeds_related_snacks
29467,cookies_biscuits
29500,popcorn_peanuts_seeds_related_snacks
29504,chocolate
29518,cakes_cupcakes_snack_cakes
29523,candy
29544,popcorn_peanuts_seeds_related_snacks
29552,candy
29561,popcorn_peanuts_seeds_related_snacks
29570,candy
29571,candy
29614,candy
29620,popcorn_peanuts_seeds_related_snacks
29624,cookies_biscuits
29636,popcorn_peanuts_seeds_related_snacks
29644,cakes_cupcakes_snack_cakes
29645,cakes_cupcakes_snack_cakes
29651,cookies_biscuits
29653,popcorn_peanuts_seeds_related_snacks
29654,chips_pretzels_snacks
29674,cookies_biscuits
29677,popcorn_peanuts_seeds_related_snacks
29701,cakes_cupcakes_snack_cakes
29708,cakes_cupcakes_snack_cakes
29709,cookies_biscuits
29717,candy
29725,candy
29733,candy
29738,cookies_biscuits
29742,candy
29771,candy
29791,chips_pretzels_snacks
29819,chocolate
29820,chocolate
29824,popcorn_peanuts_seeds_related_snacks
29835,chips_pretzels_snacks
29858,candy
29879,cookies_biscuits
29881,chocolate
29890,cookies_biscuits
29908,cookies_biscuits
29912,candy
29913,candy
29922,cakes_cupcakes_snack_cakes
29926,chocolate
29930,candy
29940,cookies_biscuits
29941,candy
29953,candy
29955,chocolate
29960,popcorn_peanuts_seeds_related_snacks
29980,candy
29982,candy
29998,popcorn_peanuts_seeds_related_snacks
30006,popcorn_peanuts_seeds_related_snacks
30009,candy
30025,chocolate
30030,candy
30050,candy
30053,candy
30077,popcorn_peanuts_seeds_related_snacks
30078,candy
30085,popcorn_peanuts_seeds_related_snacks
30087,chocolate
30092,cakes_cupcakes_snack_cakes
30109,cakes_cupcakes_snack_cakes
30114,candy
30140,cookies_biscuits
30183,chips_pretzels_snacks
30225,cookies_biscuits
30241,candy
30247,cakes_cupcakes_snack_cakes
30261,chocolate
30270,chocolate
30278,chips_pretzels_snacks
30280,cookies_biscuits
30282,cookies_biscuits
30284,cookies_biscuits
30286,cookies_biscuits
30292,popcorn_peanuts_seeds_related_snacks
30293,popcorn_peanuts_seeds_related_snacks
30338,cookies_biscuits
30343,candy
30344,candy
30357,chips_pretzels_snacks
30359,chocolate
30360,candy
30376,cookies_biscuits
30383,cookies_biscuits
30391,chips_pretzels_snacks
30399,cookies_biscuits
30423,candy
30440,popcorn_peanuts_seeds_related_snacks
30442,chocolate
30465,candy
30473,candy
30492,popcorn_peanuts_seeds_related_snacks
30497,candy
30524,chocolate
30525,candy
30539,cookies_biscuits
30541,popcorn_peanuts_seeds_related_snacks
30542,candy
30555,chips_pretzels_snacks
30559,chips_pretzels_snacks
30562,chocolate
30581,candy
30592,candy
30613,cakes_cupcakes_snack_cakes
30617,candy
30618,cookies_biscuits
30633,cookies_biscuits
30636,popcorn_peanuts_seeds_related_snacks
30639,cakes_cupcakes_snack_cakes
30649,chocolate
30666,chocolate
30738,popcorn_peanuts_seeds_related_snacks
30751,cakes_cupcakes_snack_cakes
30768,chocolate
30771,candy
30779,cookies_biscuits
30784,popcorn_peanuts_seeds_related_snacks
30786,cakes_cupcakes_snack_cakes
30789,popcorn_peanuts_seeds_related_snacks
30799,candy
30801,candy
30803,candy
30821,chips_pretzels_snacks
30825,popcorn_peanuts_seeds_related_snacks
30841,cookies_biscuits
30842,popcorn_peanuts_seeds_related_snacks
30843,chips_pretzels_snacks
30862,cookies_biscuits
30864,candy
30878,popcorn_peanuts_seeds_related_snacks
30880,candy
30895,candy
30900,popcorn_peanuts_seeds_related_snacks
30906,popcorn_peanuts_seeds_related_snacks
30907,popcorn_peanuts_seeds_related_snacks
30918,chips_pretzels_snacks
30926,popcorn_peanuts_seeds_related_snacks
30928,popcorn_peanuts_seeds_related_snacks
30938,cakes_cupcakes_snack_cakes
30945,chocolate
30951,candy
30986,candy
30987,candy
30992,chocolate
30993,popcorn_peanuts_seeds_related_snacks
30997,candy
31002,popcorn_peanuts_seeds_related_snacks
31012,popcorn_peanuts_seeds_related_snacks
31015,chocolate
31025,chocolate
31026,chocolate
31028,popcorn_peanuts_seeds_related_snacks
31044,candy
31055,chocolate
31059,popcorn_peanuts_seeds_related_snacks
31062,popcorn_peanuts_seeds_related_snacks
31069,chocolate
31076,candy
31078,cookies_biscuits
31083,popcorn_peanuts_seeds_related_snacks
31089,candy
31091,chips_pretzels_snacks
31126,popcorn_peanuts_seeds_related_snacks
31129,candy
31147,popcorn_peanuts_seeds_related_snacks
31150,chips_pretzels_snacks
31170,cookies_biscuits
31181,cookies_biscuits
31193,popcorn_peanuts_seeds_related_snacks
31198,candy
31223,cakes_cupcakes_snack_cakes
31255,cookies_biscuits
31285,cakes_cupcakes_snack_cakes
31292,chocolate
31295,popcorn_peanuts_seeds_related_snacks
31299,cookies_biscuits
31318,cakes_cupcakes_snack_cakes
31320,chips_pretzels_snacks
31331,popcorn_peanuts_seeds_related_snacks
31346,chips_pretzels_snacks
31352,candy
31361,candy
31365,chips_pretzels_snacks
31383,candy
31386,cookies_biscuits
31399,popcorn_peanuts_seeds_related_snacks
31410,cookies_biscuits
31417,candy
31423,candy
31427,popcorn_peanuts_seeds_related_snacks
31431,popcorn_peanuts_seeds_related_snacks
31437,chocolate
31448,chips_pretzels_snacks
31449,cookies_biscuits
31455,candy
31469,cookies_biscuits
31484,popcorn_peanuts_seeds_related_snacks
31486,cookies_biscuits
31515,chips_pretzels_snacks
31522,chips_pretzels_snacks
31532,cookies_biscuits
31537,cookies_biscuits
31555,cakes_cupcakes_snack_cakes
31558,chips_pretzels_snacks
31574,popcorn_peanuts_seeds_related_snacks
31595,chips_pretzels_snacks
31632,cookies_biscuits
31636,cakes_cupcakes_snack_cakes
31637,popcorn_peanuts_seeds_related_snacks
31675,popcorn_peanuts_seeds_related_snacks
31689,cookies_biscuits
31694,chips_pretzels_snacks
31714,popcorn_peanuts_seeds_related_snacks
31731,candy
31733,cookies_biscuits
31735,cakes_cupcakes_snack_cakes
31746,chips_pretzels_snacks
31750,popcorn_peanuts_seeds_related_snacks
31758,chocolate
31761,popcorn_peanuts_seeds_related_snacks
31775,chips_pretzels_snacks
31777,candy
31785,cakes_cupcakes_snack_cakes
31787,chips_pretzels_snacks
31790,cookies_biscuits
31802,popcorn_peanuts_seeds_related_snacks
31808,popcorn_peanuts_seeds_related_snacks
31820,candy
31823,cookies_biscuits
31825,popcorn_peanuts_seeds_related_snacks
31844,chips_pretzels_snacks
31851,cakes_cupcakes_snack_cakes
31853,popcorn_peanuts_seeds_related_snacks
31869,chocolate
31877,popcorn_peanuts_seeds_related_snacks
31880,popcorn_peanuts_seeds_related_snacks
31881,chocolate
31910,candy
31927,cookies_biscuits
31946,chocolate
31966,popcorn_peanuts_seeds_related_snacks
31967,chocolate
31980,cakes_cupcakes_snack_cakes
31993,popcorn_peanuts_seeds_related_snacks
31999,chips_pretzels_snacks
32014,cakes_cupcakes_snack_cakes
32025,chips_pretzels_snacks
32036,cookies_biscuits
32042,cookies_biscuits
32047,candy
32054,candy
32055,cookies_biscuits
32072,cookies_biscuits
32104,chocolate
32117,cakes_cupcakes_snack_cakes
32147,popcorn_peanuts_seeds_related_snacks
32157,cakes_cupcakes_snack_cakes
32158,cakes_cupcakes_snack_cakes
32171,cookies_biscuits
32172,chocolate
32179,popcorn_peanuts_seeds_related_snacks
32188,popcorn_peanuts_seeds_related_snacks
32191,candy
32211,candy
32223,cakes_cupcakes_snack_cakes
32229,cakes_cupcakes_snack_cakes
32244,cookies_biscuits
32248,candy
32270,cakes_cupcakes_snack_cakes
32295,cakes_cupcakes_snack_cakes
32303,candy
32309,cakes_cupcakes_snack_cakes
32312,cakes_cupcakes_snack_cakes
32318,candy
32320,candy
32338,cakes_cupcakes_snack_cakes
32358,candy
32365,cookies_biscuits
32385,candy
32430,chips_pretzels_snacks
32437,popcorn_peanuts_seeds_related_snacks
32450,chocolate
32453,candy
32468,popcorn_peanuts_seeds_related_snacks
32477,cakes_cupcakes_snack_cakes
32489,candy
32501,popcorn_peanuts_seeds_related_snacks
32518,chips_pretzels_snacks
32524,popcorn_peanuts_seeds_related_snacks
32546,popcorn_peanuts_seeds_related_snacks
32550,candy
32572,chips_pretzels_snacks
32576,chips_pretzels_snacks
32616,popcorn_peanuts_seeds_related_snacks
32623,chips_pretzels_snacks
32624,popcorn_peanuts_seeds_related_snacks
32628,popcorn_peanuts_seeds_related_snacks
32633,candy
32659,popcorn_peanuts_seeds_related_snacks
32663,popcorn_peanuts_seeds_related_snacks
32670,candy
32687,cookies_biscuits
32702,popcorn_peanuts_seeds_related_snacks
32712,popcorn_peanuts_seeds_related_snacks
32724,cookies_biscuits
32729,cookies_biscuits
32731,cookies_biscuits
32733,chocolate
32739,chips_pretzels_snacks
32741,candy
32767,chocolate
32773,candy
32780,cookies_biscuits
32782,cookies_biscuits
32788,candy
32790,popcorn_peanuts_seeds_related_snacks
32799,candy
32807,popcorn_peanuts_seeds_related_snacks
32812,chocolate
32813,cookies_biscuits
32823,chocolate
32866,cakes_cupcakes_snack_cakes
32870,candy
32874,cakes_cupcakes_snack_cakes
32881,popcorn_peanuts_seeds_related_snacks
32909,cakes_cupcakes_snack_cakes
32918,cakes_cupcakes_snack_cakes
32921,cakes_cupcakes_snack_cakes
32931,popcorn_peanuts_seeds_related_snacks
32936,popcorn_peanuts_seeds_related_snacks
32939,cakes_cupcakes_snack_cakes
32949,chips_pretzels_snacks
32951,cookies_biscuits
32956,popcorn_peanuts_seeds_related_snacks
32980,chocolate
32983,candy
32987,chocolate
32989,cakes_cupcakes_snack_cakes
33000,candy
33002,candy
33019,cakes_cupcakes_snack_cakes
33028,chips_pretzels_snacks
33040,chips_pretzels_snacks
33052,popcorn_peanuts_seeds_related_snacks
33059,chocolate
33062,popcorn_peanuts_seeds_related_snacks
33070,candy
33071,candy
33076,cookies_biscuits
33080,chips_pretzels_snacks
33113,chips_pretzels_snacks
33121,popcorn_peanuts_seeds_related_snacks
33125,popcorn_peanuts_seeds_related_snacks
33128,candy
33130,candy
33143,chocolate
33146,candy
33163,chocolate
33190,cookies_biscuits
33192,cookies_biscuits
33213,popcorn_peanuts_seeds_related_snacks
33241,cookies_biscuits
33245,candy
33252,chocolate
33259,popcorn_peanuts_seeds_related_snacks
33266,popcorn_peanuts_seeds_related_snacks
33280,popcorn_peanuts_seeds_related_snacks
33296,chips_pretzels_snacks
33300,chips_pretzels_snacks
33318,candy
33328,candy
33356,chocolate
33368,chocolate
33373,popcorn_peanuts_seeds_related_snacks
33374,cakes_cupcakes_snack_cakes
33387,popcorn_peanuts_seeds_related_snacks
33396,chips_pretzels_snacks
33399,popcorn_peanuts_seeds_related_snacks
33402,cookies_biscuits
33425,candy
33437,chocolate
33467,candy
33475,chips_pretzels_snacks
33479,chips_pretzels_snacks
33502,chips_pretzels_snacks
33505,popcorn_peanuts_seeds_related_snacks
33511,candy
33520,popcorn_peanuts_seeds_related_snacks
33535,cookies_biscuits
33538,cookies_biscuits
33547,chips_pretzels_snacks
33548,popcorn_peanuts_seeds_related_snacks
33552,chocolate
33558,chips_pretzels_snacks
33560,popcorn_peanuts_seeds_related_snacks
33562,popcorn_peanuts_seeds_related_snacks
33587,chips_pretzels_snacks
33595,cookies_biscuits
33600,chips_pretzels_snacks
33602,cookies_biscuits
33605,candy
33609,chocolate
33614,candy
33615,candy
33621,candy
33639,popcorn_peanuts_seeds_related_snacks
33645,candy
33654,cakes_cupcakes_snack_cakes
33657,chips_pretzels_snacks
33659,popcorn_peanuts_seeds_related_snacks
33668,chocolate
33705,candy
33731,candy
33744,popcorn_peanuts_seeds_related_snacks
33746,popcorn_peanuts_seeds_related_snacks
33762,cakes_cupcakes_snack_cakes
33787,popcorn_peanuts_seeds_related_snacks
33788,cookies_biscuits
33799,chips_pretzels_snacks
33804,chocolate
33805,popcorn_peanuts_seeds_related_snacks
33824,popcorn_peanuts_seeds_related_snacks
33831,cookies_biscuits
33838,candy
33858,cookies_biscuits
33868,candy
33884,candy
33887,chips_pretzels_snacks
33888,cookies_biscuits
33905,candy
33909,candy
33914,chips_pretzels_snacks
33926,cakes_cupcakes_snack_cakes
33935,candy
33966,chips_pretzels_snacks
33977,candy
33988,cookies_biscuits
33998,candy
34003,candy
34028,chocolate
34044,candy
34052,popcorn_peanuts_seeds_related_snacks
34054,chocolate
34055,cookies_biscuits
34062,popcorn_peanuts_seeds_related_snacks
34064,candy
34077,candy
34083,cookies_biscuits
34102,candy
34105,chips_pretzels_snacks
34114,popcorn_peanuts_seeds_related_snacks
34125,cookies_biscuits
34148,candy
34157,popcorn_peanuts_seeds_related_snacks
34175,cakes_cupcakes_snack_cakes
34183,popcorn_peanuts_seeds_related_snacks
34191,chips_pretzels_snacks
34196,chocolate
34200,candy
34202,cookies_biscuits
34221,cookies_biscuits
34223,candy
34224,chocolate
34231,cookies_biscuits
34235,cakes_cupcakes_snack_cakes
34242,cookies_biscuits
34243,popcorn_peanuts_seeds_related_snacks
34244,candy
34248,popcorn_peanuts_seeds_related_snacks
34262,cakes_cupcakes_snack_cakes
34263,cakes_cupcakes_snack_cakes
34265,popcorn_peanuts_seeds_related_snacks
34276,candy
34294,chips_pretzels_snacks
34297,cookies_biscuits
34300,chocolate
34316,candy
34317,popcorn_peanuts_seeds_related_snacks
34320,cakes_cupcakes_snack_cakes
34340,cakes_cupcakes_snack_cakes
34343,cakes_cupcakes_snack_cakes
34350,cakes_cupcakes_snack_cakes
34358,cakes_cupcakes_snack_cakes
34374,candy
34377,popcorn_peanuts_seeds_related_snacks
34389,candy
34396,chocolate
34401,chocolate
34402,candy
34408,chocolate
34409,candy
34418,chocolate
34431,cakes_cupcakes_snack_cakes
34450,popcorn_peanuts_seeds_related_snacks
34464,cookies_biscuits
34467,cookies_biscuits
34495,cookies_biscuits
34505,candy
34518,cookies_biscuits
34530,cakes_cupcakes_snack_cakes
34539,chips_pretzels_snacks
34548,chocolate
34549,chips_pretzels_snacks
34553,chips_pretzels_snacks
34559,chips_pretzels_snacks
34562,popcorn_peanuts_seeds_related_snacks
34567,candy
34587,chips_pretzels_snacks
34612,popcorn_peanuts_seeds_related_snacks
34621,cookies_biscuits
34630,cakes_cupcakes_snack_cakes
34651,chocolate
34654,chocolate
34660,cakes_cupcakes_snack_cakes
34671,cookies_biscuits
34678,chips_pretzels_snacks
34691,cookies_biscuits
34696,chips_pretzels_snacks
34727,cakes_cupcakes_snack_cakes
34757,popcorn_peanuts_seeds_related_snacks
34776,chips_pretzels_snacks
34786,chips_pretzels_snacks
34799,chips_pretzels_snacks
34802,chips_pretzels_snacks
34827,cookies_biscuits
34828,cookies_biscuits
34829,chips_pretzels_snacks
34836,cookies_biscuits
34851,cakes_cupcakes_snack_cakes
34854,cookies_biscuits
34864,cookies_biscuits
34884,candy
34885,popcorn_peanuts_seeds_related_snacks
34886,popcorn_peanuts_seeds_related_snacks
34903,cookies_biscuits
34909,popcorn_peanuts_seeds_related_snacks
34912,popcorn_peanuts_seeds_related_snacks
34914,popcorn_peanuts_seeds_related_snacks
34921,chips_pretzels_snacks
34926,candy
34927,popcorn_peanuts_seeds_related_snacks
34937,chocolate
34947,chips_pretzels_snacks
34963,cakes_cupcakes_snack_cakes
34976,cookies_biscuits
34978,cookies_biscuits
34980,cookies_biscuits
34990,candy
34995,cookies_biscuits
35020,chocolate
35021,chocolate
35040,chips_pretzels_snacks
35064,chocolate
35109,chips_pretzels_snacks
35118,chocolate
35125,candy
35127,chips_pretzels_snacks
35139,chocolate
35140,popcorn_peanuts_seeds_related_snacks
35141,candy
35153,candy
35159,candy
35192,cakes_cupcakes_snack_cakes
35195,candy
35200,candy
35202,candy
35203,candy
35208,cakes_cupcakes_snack_cakes
35215,chips_pretzels_snacks
35241,popcorn_peanuts_seeds_related_snacks
35255,candy
35258,chocolate
35271,cookies_biscuits
