,y_pred
0,chocolate
1,cookies_biscuits
2,cookies_biscuits
3,cakes_cupcakes_snack_cakes
4,chocolate
5,cookies_biscuits
6,cookies_biscuits
7,cookies_biscuits
8,cakes_cupcakes_snack_cakes
9,candy
10,chips_pretzels_snacks
11,cakes_cupcakes_snack_cakes
12,cakes_cupcakes_snack_cakes
13,cookies_biscuits
14,cookies_biscuits
15,cookies_biscuits
16,chips_pretzels_snacks
17,popcorn_peanuts_seeds_related_snacks
18,cakes_cupcakes_snack_cakes
19,popcorn_peanuts_seeds_related_snacks
20,popcorn_peanuts_seeds_related_snacks
21,chips_pretzels_snacks
22,popcorn_peanuts_seeds_related_snacks
23,cookies_biscuits
24,chips_pretzels_snacks
25,chips_pretzels_snacks
26,popcorn_peanuts_seeds_related_snacks
27,chips_pretzels_snacks
28,popcorn_peanuts_seeds_related_snacks
29,chips_pretzels_snacks
30,chips_pretzels_snacks
31,chips_pretzels_snacks
32,chips_pretzels_snacks
33,popcorn_peanuts_seeds_related_snacks
34,chips_pretzels_snacks
35,chips_pretzels_snacks
36,chips_pretzels_snacks
37,chips_pretzels_snacks
38,chips_pretzels_snacks
39,chips_pretzels_snacks
40,chips_pretzels_snacks
41,chips_pretzels_snacks
42,chocolate
43,cakes_cupcakes_snack_cakes
44,chips_pretzels_snacks
45,chocolate
46,popcorn_peanuts_seeds_related_snacks
47,cookies_biscuits
48,cookies_biscuits
49,cookies_biscuits
50,chips_pretzels_snacks
51,chips_pretzels_snacks
52,chips_pretzels_snacks
53,chips_pretzels_snacks
54,popcorn_peanuts_seeds_related_snacks
55,cookies_biscuits
56,chips_pretzels_snacks
57,candy
58,chips_pretzels_snacks
59,chips_pretzels_snacks
60,chips_pretzels_snacks
61,chips_pretzels_snacks
62,cakes_cupcakes_snack_cakes
63,cakes_cupcakes_snack_cakes
64,cakes_cupcakes_snack_cakes
65,cookies_biscuits
66,cookies_biscuits
67,popcorn_peanuts_seeds_related_snacks
68,cakes_cupcakes_snack_cakes
69,cookies_biscuits
70,cookies_biscuits
71,cakes_cupcakes_snack_cakes
72,cakes_cupcakes_snack_cakes
73,chips_pretzels_snacks
74,popcorn_peanuts_seeds_related_snacks
75,chips_pretzels_snacks
76,popcorn_peanuts_seeds_related_snacks
77,popcorn_peanuts_seeds_related_snacks
78,popcorn_peanuts_seeds_related_snacks
79,candy
80,cookies_biscuits
81,cookies_biscuits
82,popcorn_peanuts_seeds_related_snacks
83,popcorn_peanuts_seeds_related_snacks
84,chips_pretzels_snacks
85,popcorn_peanuts_seeds_related_snacks
86,cookies_biscuits
87,cakes_cupcakes_snack_cakes
88,chocolate
89,chips_pretzels_snacks
90,chips_pretzels_snacks
91,chips_pretzels_snacks
92,cookies_biscuits
93,popcorn_peanuts_seeds_related_snacks
94,popcorn_peanuts_seeds_related_snacks
95,chips_pretzels_snacks
96,chips_pretzels_snacks
97,cookies_biscuits
98,cookies_biscuits
99,cookies_biscuits
100,cookies_biscuits
101,popcorn_peanuts_seeds_related_snacks
102,chocolate
103,popcorn_peanuts_seeds_related_snacks
104,popcorn_peanuts_seeds_related_snacks
105,chocolate
106,chocolate
107,popcorn_peanuts_seeds_related_snacks
108,cookies_biscuits
109,cookies_biscuits
110,cookies_biscuits
111,chips_pretzels_snacks
112,cookies_biscuits
113,cookies_biscuits
114,cookies_biscuits
115,cookies_biscuits
116,cookies_biscuits
117,cookies_biscuits
118,cookies_biscuits
119,cookies_biscuits
120,cookies_biscuits
121,popcorn_peanuts_seeds_related_snacks
122,popcorn_peanuts_seeds_related_snacks
123,popcorn_peanuts_seeds_related_snacks
124,popcorn_peanuts_seeds_related_snacks
125,cookies_biscuits
126,candy
127,cookies_biscuits
128,chocolate
129,popcorn_peanuts_seeds_related_snacks
130,popcorn_peanuts_seeds_related_snacks
131,chocolate
132,chips_pretzels_snacks
133,chocolate
134,chocolate
135,chips_pretzels_snacks
136,cookies_biscuits
137,cakes_cupcakes_snack_cakes
138,popcorn_peanuts_seeds_related_snacks
139,chips_pretzels_snacks
140,popcorn_peanuts_seeds_related_snacks
141,popcorn_peanuts_seeds_related_snacks
142,cookies_biscuits
143,cookies_biscuits
144,chocolate
145,chocolate
146,popcorn_peanuts_seeds_related_snacks
147,chips_pretzels_snacks
148,cookies_biscuits
149,cookies_biscuits
150,cookies_biscuits
151,cookies_biscuits
152,cookies_biscuits
153,cookies_biscuits
154,cookies_biscuits
155,cookies_biscuits
156,cookies_biscuits
157,cookies_biscuits
158,cookies_biscuits
159,cookies_biscuits
160,cookies_biscuits
161,cookies_biscuits
162,cookies_biscuits
163,cakes_cupcakes_snack_cakes
164,cookies_biscuits
165,chips_pretzels_snacks
166,chips_pretzels_snacks
167,chips_pretzels_snacks
168,popcorn_peanuts_seeds_related_snacks
169,cookies_biscuits
170,cookies_biscuits
171,popcorn_peanuts_seeds_related_snacks
172,popcorn_peanuts_seeds_related_snacks
173,popcorn_peanuts_seeds_related_snacks
174,cookies_biscuits
175,cookies_biscuits
176,chips_pretzels_snacks
177,cookies_biscuits
178,cookies_biscuits
179,chips_pretzels_snacks
180,popcorn_peanuts_seeds_related_snacks
181,popcorn_peanuts_seeds_related_snacks
182,chips_pretzels_snacks
183,cakes_cupcakes_snack_cakes
184,popcorn_peanuts_seeds_related_snacks
185,popcorn_peanuts_seeds_related_snacks
186,chips_pretzels_snacks
187,popcorn_peanuts_seeds_related_snacks
188,cookies_biscuits
189,chips_pretzels_snacks
190,chocolate
191,chocolate
192,cookies_biscuits
193,cookies_biscuits
194,cakes_cupcakes_snack_cakes
195,chips_pretzels_snacks
196,chips_pretzels_snacks
197,chips_pretzels_snacks
198,chips_pretzels_snacks
199,popcorn_peanuts_seeds_related_snacks
200,popcorn_peanuts_seeds_related_snacks
201,popcorn_peanuts_seeds_related_snacks
202,popcorn_peanuts_seeds_related_snacks
203,popcorn_peanuts_seeds_related_snacks
204,cookies_biscuits
205,cookies_biscuits
206,chips_pretzels_snacks
207,cookies_biscuits
208,cakes_cupcakes_snack_cakes
209,cakes_cupcakes_snack_cakes
210,candy
211,chocolate
212,chocolate
213,cookies_biscuits
214,cookies_biscuits
215,chocolate
216,candy
217,candy
218,chocolate
219,chocolate
220,chocolate
221,chocolate
222,chocolate
223,popcorn_peanuts_seeds_related_snacks
224,candy
225,cookies_biscuits
226,cakes_cupcakes_snack_cakes
227,cookies_biscuits
228,candy
229,cookies_biscuits
230,cookies_biscuits
231,candy
232,chocolate
233,chocolate
234,cookies_biscuits
235,cookies_biscuits
236,cookies_biscuits
237,cookies_biscuits
238,chocolate
239,cookies_biscuits
240,chocolate
241,candy
242,chocolate
243,chocolate
244,chocolate
245,popcorn_peanuts_seeds_related_snacks
246,popcorn_peanuts_seeds_related_snacks
247,cakes_cupcakes_snack_cakes
248,cookies_biscuits
249,cookies_biscuits
250,cookies_biscuits
251,cookies_biscuits
252,popcorn_peanuts_seeds_related_snacks
253,popcorn_peanuts_seeds_related_snacks
254,chips_pretzels_snacks
255,chocolate
256,chocolate
257,popcorn_peanuts_seeds_related_snacks
258,chips_pretzels_snacks
259,popcorn_peanuts_seeds_related_snacks
260,chips_pretzels_snacks
261,chips_pretzels_snacks
262,chips_pretzels_snacks
263,popcorn_peanuts_seeds_related_snacks
264,candy
265,popcorn_peanuts_seeds_related_snacks
266,candy
267,candy
268,candy
269,candy
270,candy
271,candy
272,candy
273,popcorn_peanuts_seeds_related_snacks
274,popcorn_peanuts_seeds_related_snacks
275,popcorn_peanuts_seeds_related_snacks
276,chips_pretzels_snacks
277,popcorn_peanuts_seeds_related_snacks
278,popcorn_peanuts_seeds_related_snacks
279,popcorn_peanuts_seeds_related_snacks
280,popcorn_peanuts_seeds_related_snacks
281,popcorn_peanuts_seeds_related_snacks
282,chips_pretzels_snacks
283,popcorn_peanuts_seeds_related_snacks
284,chocolate
285,popcorn_peanuts_seeds_related_snacks
286,popcorn_peanuts_seeds_related_snacks
287,popcorn_peanuts_seeds_related_snacks
288,popcorn_peanuts_seeds_related_snacks
289,chocolate
290,chips_pretzels_snacks
291,chocolate
292,chocolate
293,chocolate
294,popcorn_peanuts_seeds_related_snacks
295,chocolate
296,cakes_cupcakes_snack_cakes
297,cakes_cupcakes_snack_cakes
298,chocolate
299,cookies_biscuits
300,popcorn_peanuts_seeds_related_snacks
301,chips_pretzels_snacks
302,cookies_biscuits
303,popcorn_peanuts_seeds_related_snacks
304,popcorn_peanuts_seeds_related_snacks
305,chips_pretzels_snacks
306,chips_pretzels_snacks
307,candy
308,popcorn_peanuts_seeds_related_snacks
309,popcorn_peanuts_seeds_related_snacks
310,chocolate
311,cookies_biscuits
312,cookies_biscuits
313,popcorn_peanuts_seeds_related_snacks
314,chips_pretzels_snacks
315,chocolate
316,cookies_biscuits
317,cookies_biscuits
318,cookies_biscuits
319,cookies_biscuits
320,cookies_biscuits
321,cookies_biscuits
322,chips_pretzels_snacks
323,popcorn_peanuts_seeds_related_snacks
324,cakes_cupcakes_snack_cakes
325,cookies_biscuits
326,candy
327,candy
328,popcorn_peanuts_seeds_related_snacks
329,popcorn_peanuts_seeds_related_snacks
330,candy
331,candy
332,cookies_biscuits
333,candy
334,candy
335,popcorn_peanuts_seeds_related_snacks
336,chocolate
337,chocolate
338,popcorn_peanuts_seeds_related_snacks
339,chips_pretzels_snacks
340,cookies_biscuits
341,cookies_biscuits
342,chips_pretzels_snacks
343,cookies_biscuits
344,popcorn_peanuts_seeds_related_snacks
345,chips_pretzels_snacks
346,popcorn_peanuts_seeds_related_snacks
347,cakes_cupcakes_snack_cakes
348,cookies_biscuits
349,candy
350,chips_pretzels_snacks
351,cakes_cupcakes_snack_cakes
352,popcorn_peanuts_seeds_related_snacks
353,chocolate
354,popcorn_peanuts_seeds_related_snacks
355,candy
356,chocolate
357,chocolate
358,chocolate
359,cakes_cupcakes_snack_cakes
360,chips_pretzels_snacks
361,candy
362,cookies_biscuits
363,popcorn_peanuts_seeds_related_snacks
364,cookies_biscuits
365,popcorn_peanuts_seeds_related_snacks
366,chips_pretzels_snacks
367,chips_pretzels_snacks
368,popcorn_peanuts_seeds_related_snacks
369,candy
370,candy
371,candy
372,chips_pretzels_snacks
373,chips_pretzels_snacks
374,popcorn_peanuts_seeds_related_snacks
375,chocolate
376,cakes_cupcakes_snack_cakes
377,chocolate
378,cakes_cupcakes_snack_cakes
379,cakes_cupcakes_snack_cakes
380,cakes_cupcakes_snack_cakes
381,chips_pretzels_snacks
382,chocolate
383,chips_pretzels_snacks
384,chocolate
385,popcorn_peanuts_seeds_related_snacks
386,popcorn_peanuts_seeds_related_snacks
387,cakes_cupcakes_snack_cakes
388,popcorn_peanuts_seeds_related_snacks
389,popcorn_peanuts_seeds_related_snacks
390,cookies_biscuits
391,popcorn_peanuts_seeds_related_snacks
392,popcorn_peanuts_seeds_related_snacks
393,chips_pretzels_snacks
394,popcorn_peanuts_seeds_related_snacks
395,candy
396,chocolate
397,cakes_cupcakes_snack_cakes
398,cakes_cupcakes_snack_cakes
399,cookies_biscuits
400,chips_pretzels_snacks
401,chips_pretzels_snacks
402,popcorn_peanuts_seeds_related_snacks
403,cookies_biscuits
404,cakes_cupcakes_snack_cakes
405,cakes_cupcakes_snack_cakes
406,cookies_biscuits
407,cookies_biscuits
408,chocolate
409,popcorn_peanuts_seeds_related_snacks
410,popcorn_peanuts_seeds_related_snacks
411,popcorn_peanuts_seeds_related_snacks
412,chocolate
413,popcorn_peanuts_seeds_related_snacks
414,chips_pretzels_snacks
415,cookies_biscuits
416,popcorn_peanuts_seeds_related_snacks
417,cookies_biscuits
418,popcorn_peanuts_seeds_related_snacks
419,popcorn_peanuts_seeds_related_snacks
420,popcorn_peanuts_seeds_related_snacks
421,chips_pretzels_snacks
422,popcorn_peanuts_seeds_related_snacks
423,popcorn_peanuts_seeds_related_snacks
424,cookies_biscuits
425,chips_pretzels_snacks
426,popcorn_peanuts_seeds_related_snacks
427,cookies_biscuits
428,chips_pretzels_snacks
429,popcorn_peanuts_seeds_related_snacks
430,chocolate
431,popcorn_peanuts_seeds_related_snacks
432,cookies_biscuits
433,chips_pretzels_snacks
434,chips_pretzels_snacks
435,chips_pretzels_snacks
436,chips_pretzels_snacks
437,chips_pretzels_snacks
438,chips_pretzels_snacks
439,chips_pretzels_snacks
440,chips_pretzels_snacks
441,chips_pretzels_snacks
442,chips_pretzels_snacks
443,chips_pretzels_snacks
444,cookies_biscuits
445,chips_pretzels_snacks
446,chips_pretzels_snacks
447,chips_pretzels_snacks
448,popcorn_peanuts_seeds_related_snacks
449,popcorn_peanuts_seeds_related_snacks
450,candy
451,cakes_cupcakes_snack_cakes
452,cakes_cupcakes_snack_cakes
453,cakes_cupcakes_snack_cakes
454,chocolate
455,chocolate
456,popcorn_peanuts_seeds_related_snacks
457,popcorn_peanuts_seeds_related_snacks
458,candy
459,candy
460,candy
461,chocolate
462,cookies_biscuits
463,cookies_biscuits
464,candy
465,chocolate
466,chocolate
467,chocolate
468,candy
469,candy
470,chocolate
471,cookies_biscuits
472,cookies_biscuits
473,cakes_cupcakes_snack_cakes
474,cookies_biscuits
475,popcorn_peanuts_seeds_related_snacks
476,cookies_biscuits
477,cakes_cupcakes_snack_cakes
478,cookies_biscuits
479,cookies_biscuits
480,cakes_cupcakes_snack_cakes
481,candy
482,candy
483,chocolate
484,cakes_cupcakes_snack_cakes
485,popcorn_peanuts_seeds_related_snacks
486,popcorn_peanuts_seeds_related_snacks
487,cookies_biscuits
488,cookies_biscuits
489,popcorn_peanuts_seeds_related_snacks
490,cookies_biscuits
491,cookies_biscuits
492,chips_pretzels_snacks
493,chips_pretzels_snacks
494,popcorn_peanuts_seeds_related_snacks
495,popcorn_peanuts_seeds_related_snacks
496,popcorn_peanuts_seeds_related_snacks
497,popcorn_peanuts_seeds_related_snacks
498,candy
499,candy
